,timestamp,steering angle
0,2022-10-01 01:12:35.704170,3.5915718743408336
1,2022-10-02 01:12:35.704170,3.892291443118154
2,2022-10-03 01:12:35.704170,3.623382797381251
3,2022-10-04 01:12:35.704170,3.4381371387878303
4,2022-10-05 01:12:35.704170,3.476390296253405
5,2022-10-06 01:12:35.704170,3.257570842794787
6,2022-10-07 01:12:35.704170,3.079225724319836
7,2022-10-08 01:12:35.704170,3.023612275040841
8,2022-10-09 01:12:35.704170,2.8882775407883714
9,2022-10-10 01:12:35.704170,3.0421186725969904
10,2022-10-11 01:12:35.704170,3.002042537641941
11,2022-10-12 01:12:35.704170,2.2075194164023726
12,2022-10-13 01:12:35.704170,1.001038899524822
13,2022-10-14 01:12:35.704170,0.1203802626622263
14,2022-10-15 01:12:35.704170,-0.5086487410257661
15,2022-10-16 01:12:35.704170,-1.4670321985674435
16,2022-10-17 01:12:35.704170,-2.9501674787196093
17,2022-10-18 01:12:35.704170,-4.0433112516045515
18,2022-10-19 01:12:35.704170,-4.413374998949346
19,2022-10-20 01:12:35.704170,-4.467123123566009
20,2022-10-21 01:12:35.704170,-4.6740894667389865
21,2022-10-22 01:12:35.704170,-4.8620856425111665
22,2022-10-23 01:12:35.704170,-5.216145573611703
23,2022-10-24 01:12:35.704170,-5.4541564926002195
24,2022-10-25 01:12:35.704170,-5.702707076496983
25,2022-10-26 01:12:35.704170,-5.916439405061775
26,2022-10-27 01:12:35.704170,-6.238569567830334
27,2022-10-28 01:12:35.704170,-6.594448378306845
28,2022-10-29 01:12:35.704170,-6.640648460871726
29,2022-10-30 01:12:35.704170,-6.845793192593061
30,2022-10-31 01:12:35.704170,-7.206929882692647
31,2022-11-01 01:12:35.704170,-8.451767375911157
32,2022-11-02 01:12:35.704170,-10.38189823912455
33,2022-11-03 01:12:35.704170,-11.996022204160305
34,2022-11-04 01:12:35.704170,-13.810039168464566
35,2022-11-05 01:12:35.704170,-15.54316620242837
36,2022-11-06 01:12:35.704170,-17.945001541044444
37,2022-11-07 01:12:35.704170,-21.38035036901557
38,2022-11-08 01:12:35.704170,-25.916442238342206
39,2022-11-09 01:12:35.704170,-32.74538831392601
40,2022-11-10 01:12:35.704170,-41.4020916453674
41,2022-11-11 01:12:35.704170,-53.91655002381018
42,2022-11-12 01:12:35.704170,-73.27699579981596
43,2022-11-13 01:12:35.704170,-100.92653101189812
44,2022-11-14 01:12:35.704170,-133.7548671009867
45,2022-11-15 01:12:35.704170,-155.91481685550283
46,2022-11-16 01:12:35.704170,-171.86649553374934
47,2022-11-17 01:12:35.704170,-187.10509221736277
48,2022-11-18 01:12:35.704170,-198.59052249167843
49,2022-11-19 01:12:35.704170,-206.00578293391877
50,2022-11-20 01:12:35.704170,-210.34391064939854
51,2022-11-21 01:12:35.704170,-213.49616999287795
52,2022-11-22 01:12:35.704170,-215.855719288833
53,2022-11-23 01:12:35.704170,-218.10533464103997
54,2022-11-24 01:12:35.704170,-220.91307172957596
55,2022-11-25 01:12:35.704170,-222.60163007165812
56,2022-11-26 01:12:35.704170,-221.91551229783036
57,2022-11-27 01:12:35.704170,-219.72530593102414
58,2022-11-28 01:12:35.704170,-216.5053307260754
59,2022-11-29 01:12:35.704170,-211.62562262639864
60,2022-11-30 01:12:35.704170,-205.63368174114458
61,2022-12-01 01:12:35.704170,-200.0045915819624
62,2022-12-02 01:12:35.704170,-195.2116791356919
63,2022-12-03 01:12:35.704170,-189.5928103546026
64,2022-12-04 01:12:35.704170,-180.69462158694188
65,2022-12-05 01:12:35.704170,-163.13402627988285
66,2022-12-06 01:12:35.704170,-131.41011506835898
67,2022-12-07 01:12:35.704170,-95.8137143160354
68,2022-12-08 01:12:35.704170,-72.1345892875423
69,2022-12-09 01:12:35.704170,-58.83477526776394
70,2022-12-10 01:12:35.704170,-49.738666742485954
71,2022-12-11 01:12:35.704170,-43.29394203035854
72,2022-12-12 01:12:35.704170,-38.48480583575256
73,2022-12-13 01:12:35.704170,-35.62298935842523
74,2022-12-14 01:12:35.704170,-32.015059408619734
75,2022-12-15 01:12:35.704170,-26.597007751393612
76,2022-12-16 01:12:35.704170,-20.545085852395793
77,2022-12-17 01:12:35.704170,-15.87806335479352
78,2022-12-18 01:12:35.704170,-15.1696040321907
79,2022-12-19 01:12:35.704170,-15.092918766303296
80,2022-12-20 01:12:35.704170,-15.116052617022131
81,2022-12-21 01:12:35.704170,-17.44207695396456
82,2022-12-22 01:12:35.704170,-21.74455654612816
83,2022-12-23 01:12:35.704170,-26.23512110652315
84,2022-12-24 01:12:35.704170,-29.470809844676477
85,2022-12-25 01:12:35.704170,-31.07704357518303
86,2022-12-26 01:12:35.704170,-32.162233592779494
87,2022-12-27 01:12:35.704170,-34.17747544324042
88,2022-12-28 01:12:35.704170,-36.50403458399485
89,2022-12-29 01:12:35.704170,-38.46065292080956
90,2022-12-30 01:12:35.704170,-39.6792775140314
91,2022-12-31 01:12:35.704170,-41.02688749765325
92,2023-01-01 01:12:35.704170,-42.91439524837011
93,2023-01-02 01:12:35.704170,-45.112963474267666
94,2023-01-03 01:12:35.704170,-46.7782127712788
95,2023-01-04 01:12:35.704170,-48.22407229403562
96,2023-01-05 01:12:35.704170,-49.29859765426203
97,2023-01-06 01:12:35.704170,-50.33482341173651
98,2023-01-07 01:12:35.704170,-51.50710243936415
99,2023-01-08 01:12:35.704170,-52.62330697994379
100,2023-01-09 01:12:35.704170,-53.58676526803879
101,2023-01-10 01:12:35.704170,-54.67985235035362
102,2023-01-11 01:12:35.704170,-55.98281748548461
103,2023-01-12 01:12:35.704170,-56.973707179324194
104,2023-01-13 01:12:35.704170,-57.82691118779902
105,2023-01-14 01:12:35.704170,-58.55986288574659
106,2023-01-15 01:12:35.704170,-59.266276566693
107,2023-01-16 01:12:35.704170,-60.16707606538014
108,2023-01-17 01:12:35.704170,-60.79649165777514
109,2023-01-18 01:12:35.704170,-61.73895940851285
110,2023-01-19 01:12:35.704170,-62.40830428679576
111,2023-01-20 01:12:35.704170,-62.98812450958949
112,2023-01-21 01:12:35.704170,-63.75261938716201
113,2023-01-22 01:12:35.704170,-63.691073918588835
114,2023-01-23 01:12:35.704170,-62.41628604585984
115,2023-01-24 01:12:35.704170,-60.066304820403595
116,2023-01-25 01:12:35.704170,-57.95341858556817
117,2023-01-26 01:12:35.704170,-55.60870753407549
118,2023-01-27 01:12:35.704170,-53.04917883695892
119,2023-01-28 01:12:35.704170,-50.4208769650895
120,2023-01-29 01:12:35.704170,-47.773353574857815
121,2023-01-30 01:12:35.704170,-45.24550602718743
122,2023-01-31 01:12:35.704170,-42.950469575490445
123,2023-02-01 01:12:35.704170,-39.93795590242946
124,2023-02-02 01:12:35.704170,-36.31136450977364
125,2023-02-03 01:12:35.704170,-30.762137703499583
126,2023-02-04 01:12:35.704170,-21.980759514043378
127,2023-02-05 01:12:35.704170,-9.239670677807148
128,2023-02-06 01:12:35.704170,7.4446373134581005
129,2023-02-07 01:12:35.704170,27.927236383301157
130,2023-02-08 01:12:35.704170,50.319458673374655
131,2023-02-09 01:12:35.704170,69.85840538154582
132,2023-02-10 01:12:35.704170,82.19827797763284
133,2023-02-11 01:12:35.704170,88.92570753321604
134,2023-02-12 01:12:35.704170,92.48162908762778
135,2023-02-13 01:12:35.704170,96.06084596803525
136,2023-02-14 01:12:35.704170,99.9956773946314
137,2023-02-15 01:12:35.704170,102.7691103703251
138,2023-02-16 01:12:35.704170,104.85091437792721
139,2023-02-17 01:12:35.704170,106.77972863680073
140,2023-02-18 01:12:35.704170,108.72560974548544
141,2023-02-19 01:12:35.704170,110.39484770221713
142,2023-02-20 01:12:35.704170,112.16782188904406
143,2023-02-21 01:12:35.704170,113.95954016401026
144,2023-02-22 01:12:35.704170,115.43372618880241
145,2023-02-23 01:12:35.704170,116.78944053338395
146,2023-02-24 01:12:35.704170,117.88069388066135
147,2023-02-25 01:12:35.704170,117.97143635887957
148,2023-02-26 01:12:35.704170,113.20217241808191
149,2023-02-27 01:12:35.704170,104.0830412887912
150,2023-02-28 01:12:35.704170,95.22871810907012
151,2023-03-01 01:12:35.704170,88.37581132833748
152,2023-03-02 01:12:35.704170,82.07544539239188
153,2023-03-03 01:12:35.704170,78.80815174677899
154,2023-03-04 01:12:35.704170,77.79232767897797
155,2023-03-05 01:12:35.704170,74.64059980959333
156,2023-03-06 01:12:35.704170,69.08086082992244
157,2023-03-07 01:12:35.704170,63.00019425055736
158,2023-03-08 01:12:35.704170,54.9654711675805
159,2023-03-09 01:12:35.704170,43.64192730489681
160,2023-03-10 01:12:35.704170,33.414325202091554
161,2023-03-11 01:12:35.704170,26.677448027462766
162,2023-03-12 01:12:35.704170,22.825033505373398
163,2023-03-13 01:12:35.704170,20.106744574207973
164,2023-03-14 01:12:35.704170,16.946951532073996
165,2023-03-15 01:12:35.704170,13.483209607723126
166,2023-03-16 01:12:35.704170,10.540305124569407
167,2023-03-17 01:12:35.704170,8.290143015719396
168,2023-03-18 01:12:35.704170,6.280788105304103
169,2023-03-19 01:12:35.704170,3.4498058339658826
170,2023-03-20 01:12:35.704170,-0.42655806342922065
171,2023-03-21 01:12:35.704170,-3.7691611186985794
172,2023-03-22 01:12:35.704170,-6.999526407412793
173,2023-03-23 01:12:35.704170,-10.797097242542623
174,2023-03-24 01:12:35.704170,-14.966195534556382
175,2023-03-25 01:12:35.704170,-19.849183149563125
176,2023-03-26 01:12:35.704170,-24.65400266461365
177,2023-03-27 01:12:35.704170,-30.823547934327177
178,2023-03-28 01:12:35.704170,-37.90666583949467
179,2023-03-29 01:12:35.704170,-45.28317725253572
180,2023-03-30 01:12:35.704170,-52.584249226194004
181,2023-03-31 01:12:35.704170,-59.19577125596662
182,2023-04-01 01:12:35.704170,-63.42661719015297
183,2023-04-02 01:12:35.704170,-68.49750945639701
184,2023-04-03 01:12:35.704170,-75.85685387197815
185,2023-04-04 01:12:35.704170,-84.2658426346772
186,2023-04-05 01:12:35.704170,-94.92199559932403
187,2023-04-06 01:12:35.704170,-106.76905060349262
188,2023-04-07 01:12:35.704170,-117.85061589029893
189,2023-04-08 01:12:35.704170,-126.23022527730207
190,2023-04-09 01:12:35.704170,-133.64839128201535
191,2023-04-10 01:12:35.704170,-141.85226536582542
192,2023-04-11 01:12:35.704170,-151.26942966511552
193,2023-04-12 01:12:35.704170,-162.93893148850628
194,2023-04-13 01:12:35.704170,-178.96126983975435
195,2023-04-14 01:12:35.704170,-200.24712272014355
196,2023-04-15 01:12:35.704170,-215.71827095254193
197,2023-04-16 01:12:35.704170,-224.00867567841846
198,2023-04-17 01:12:35.704170,-228.83717614234038
199,2023-04-18 01:12:35.704170,-232.10994768504497
200,2023-04-19 01:12:35.704170,-234.13436111352343
201,2023-04-20 01:12:35.704170,-234.6669826800956
202,2023-04-21 01:12:35.704170,-234.4401162392663
203,2023-04-22 01:12:35.704170,-234.12856433197481
204,2023-04-23 01:12:35.704170,-232.87826166289193
205,2023-04-24 01:12:35.704170,-231.4836603192898
206,2023-04-25 01:12:35.704170,-229.93068225676075
207,2023-04-26 01:12:35.704170,-227.44060770425736
208,2023-04-27 01:12:35.704170,-223.38042326723908
0,2023-04-28 01:12:35.704170,-59.49257439427386
1,2023-04-29 01:12:35.704170,-58.18661763628641
2,2023-04-30 01:12:35.704170,-56.84775849102918
3,2023-05-01 01:12:35.704170,-55.10897810948935
4,2023-05-02 01:12:35.704170,-53.3636202557788
5,2023-05-03 01:12:35.704170,-51.62954724061497
6,2023-05-04 01:12:35.704170,-49.95352536924487
7,2023-05-05 01:12:35.704170,-48.97575646880087
8,2023-05-06 01:12:35.704170,-48.87481446909509
9,2023-05-07 01:12:35.704170,-48.80259204881137
10,2023-05-08 01:12:35.704170,-48.54769212106217
11,2023-05-09 01:12:35.704170,-48.79988319578655
12,2023-05-10 01:12:35.704170,-49.88619336440689
13,2023-05-11 01:12:35.704170,-51.59518046078713
14,2023-05-12 01:12:35.704170,-53.838971369179355
15,2023-05-13 01:12:35.704170,-56.017644620062505
16,2023-05-14 01:12:35.704170,-56.88195861424126
17,2023-05-15 01:12:35.704170,-56.97206656788558
18,2023-05-16 01:12:35.704170,-57.08731508182685
19,2023-05-17 01:12:35.704170,-57.2744540688582
20,2023-05-18 01:12:35.704170,-57.75760935640441
21,2023-05-19 01:12:35.704170,-58.243539066791456
22,2023-05-20 01:12:35.704170,-59.32151094047306
23,2023-05-21 01:12:35.704170,-62.37776377894098
24,2023-05-22 01:12:35.704170,-68.01143904411305
25,2023-05-23 01:12:35.704170,-76.09775737608018
26,2023-05-24 01:12:35.704170,-87.43646535146101
27,2023-05-25 01:12:35.704170,-105.76231487077857
28,2023-05-26 01:12:35.704170,-134.79966611190736
29,2023-05-27 01:12:35.704170,-165.10876647460344
30,2023-05-28 01:12:35.704170,-184.47069781675367
31,2023-05-29 01:12:35.704170,-198.65285069993044
32,2023-05-30 01:12:35.704170,-208.3872397201272
33,2023-05-31 01:12:35.704170,-214.50852184863706
34,2023-06-01 01:12:35.704170,-218.38378027991493
35,2023-06-02 01:12:35.704170,-221.45393187032496
36,2023-06-03 01:12:35.704170,-223.03647304063855
37,2023-06-04 01:12:35.704170,-222.65171858091747
38,2023-06-05 01:12:35.704170,-221.8436778322915
39,2023-06-06 01:12:35.704170,-219.89148853164411
40,2023-06-07 01:12:35.704170,-216.62428939877387
41,2023-06-08 01:12:35.704170,-212.66228619899894
42,2023-06-09 01:12:35.704170,-207.754007418024
43,2023-06-10 01:12:35.704170,-203.15915952938127
44,2023-06-11 01:12:35.704170,-197.85622114835087
45,2023-06-12 01:12:35.704170,-190.25802296843761
46,2023-06-13 01:12:35.704170,-180.6906737376016
47,2023-06-14 01:12:35.704170,-169.8905019993161
48,2023-06-15 01:12:35.704170,-159.05564382834953
49,2023-06-16 01:12:35.704170,-145.48883020070727
50,2023-06-17 01:12:35.704170,-127.17633215282953
51,2023-06-18 01:12:35.704170,-108.70233838014038
52,2023-06-19 01:12:35.704170,-93.64361058473153
53,2023-06-20 01:12:35.704170,-79.75652715595375
54,2023-06-21 01:12:35.704170,-69.31785205873706
55,2023-06-22 01:12:35.704170,-62.50813159962901
56,2023-06-23 01:12:35.704170,-57.830816689966426
57,2023-06-24 01:12:35.704170,-54.94440196936223
58,2023-06-25 01:12:35.704170,-54.36588767873782
59,2023-06-26 01:12:35.704170,-54.3263190268381
60,2023-06-27 01:12:35.704170,-54.54395071040004
61,2023-06-28 01:12:35.704170,-54.82380268522515
62,2023-06-29 01:12:35.704170,-55.345866828397234
63,2023-06-30 01:12:35.704170,-55.590957238460476
64,2023-07-01 01:12:35.704170,-56.000905192444634
65,2023-07-02 01:12:35.704170,-56.35755581429735
66,2023-07-03 01:12:35.704170,-56.8066489484527
67,2023-07-04 01:12:35.704170,-56.950562400302694
68,2023-07-05 01:12:35.704170,-56.59981579396854
69,2023-07-06 01:12:35.704170,-56.34317006986747
70,2023-07-07 01:12:35.704170,-56.173711710521616
71,2023-07-08 01:12:35.704170,-55.736906086683135
72,2023-07-09 01:12:35.704170,-55.59635718601828
73,2023-07-10 01:12:35.704170,-55.37946589496236
74,2023-07-11 01:12:35.704170,-55.25186976503951
75,2023-07-12 01:12:35.704170,-54.96990999383655
76,2023-07-13 01:12:35.704170,-54.73905643007929
77,2023-07-14 01:12:35.704170,-54.53090641512316
78,2023-07-15 01:12:35.704170,-54.24811745895495
79,2023-07-16 01:12:35.704170,-54.110792407578344
80,2023-07-17 01:12:35.704170,-53.95367346798704
81,2023-07-18 01:12:35.704170,-53.66015018651924
82,2023-07-19 01:12:35.704170,-53.433004049443454
83,2023-07-20 01:12:35.704170,-53.26346782594108
84,2023-07-21 01:12:35.704170,-53.477923471538965
85,2023-07-22 01:12:35.704170,-53.79570758493865
86,2023-07-23 01:12:35.704170,-53.94871475064961
87,2023-07-24 01:12:35.704170,-53.345264805403325
88,2023-07-25 01:12:35.704170,-51.84230490118519
89,2023-07-26 01:12:35.704170,-49.68963827858577
90,2023-07-27 01:12:35.704170,-46.812994826608175
91,2023-07-28 01:12:35.704170,-43.23135837303155
92,2023-07-29 01:12:35.704170,-39.043220245687465
93,2023-07-30 01:12:35.704170,-33.80003372555418
94,2023-07-31 01:12:35.704170,-26.97399662753788
95,2023-08-01 01:12:35.704170,-18.171895644139845
96,2023-08-02 01:12:35.704170,-5.56601859875102
97,2023-08-03 01:12:35.704170,12.170756656816076
98,2023-08-04 01:12:35.704170,38.10583529390616
99,2023-08-05 01:12:35.704170,68.99892349007276
100,2023-08-06 01:12:35.704170,93.92627384523243
101,2023-08-07 01:12:35.704170,110.54910095056479
102,2023-08-08 01:12:35.704170,122.11992131073296
103,2023-08-09 01:12:35.704170,130.17003195613617
104,2023-08-10 01:12:35.704170,136.2649123299188
105,2023-08-11 01:12:35.704170,140.5029395249985
106,2023-08-12 01:12:35.704170,142.94836342335026
107,2023-08-13 01:12:35.704170,144.34949955044078
108,2023-08-14 01:12:35.704170,145.75188833422507
109,2023-08-15 01:12:35.704170,146.82348490933538
110,2023-08-16 01:12:35.704170,146.7647958258731
111,2023-08-17 01:12:35.704170,144.7564859344008
112,2023-08-18 01:12:35.704170,141.0304743081863
113,2023-08-19 01:12:35.704170,135.992336897126
114,2023-08-20 01:12:35.704170,130.8750655973608
115,2023-08-21 01:12:35.704170,127.94812838893927
116,2023-08-22 01:12:35.704170,126.40746618201213
117,2023-08-23 01:12:35.704170,121.6585437398459
118,2023-08-24 01:12:35.704170,111.42992154828808
119,2023-08-25 01:12:35.704170,94.3007189721668
120,2023-08-26 01:12:35.704170,70.06921105942862
121,2023-08-27 01:12:35.704170,47.11230100142232
122,2023-08-28 01:12:35.704170,32.58938963904413
123,2023-08-29 01:12:35.704170,26.289321161838963
124,2023-08-30 01:12:35.704170,22.376964899593553
125,2023-08-31 01:12:35.704170,15.898227894456232
126,2023-09-01 01:12:35.704170,8.508801276713598
127,2023-09-02 01:12:35.704170,2.7846020993767495
128,2023-09-03 01:12:35.704170,-1.1167930752886135
129,2023-09-04 01:12:35.704170,-4.868048397656591
130,2023-09-05 01:12:35.704170,-8.873459157154244
131,2023-09-06 01:12:35.704170,-12.657816991334682
132,2023-09-07 01:12:35.704170,-15.412149513769188
133,2023-09-08 01:12:35.704170,-17.613130162481603
134,2023-09-09 01:12:35.704170,-19.7984136704435
135,2023-09-10 01:12:35.704170,-22.370856889242738
136,2023-09-11 01:12:35.704170,-25.304475047200903
137,2023-09-12 01:12:35.704170,-27.88907873479842
138,2023-09-13 01:12:35.704170,-30.22160882692529
139,2023-09-14 01:12:35.704170,-32.53025647960028
140,2023-09-15 01:12:35.704170,-34.47794775916979
141,2023-09-16 01:12:35.704170,-36.67473193965615
142,2023-09-17 01:12:35.704170,-38.351492837494426
143,2023-09-18 01:12:35.704170,-38.9816624827738
144,2023-09-19 01:12:35.704170,-38.81527087836529
145,2023-09-20 01:12:35.704170,-38.7388834087257
146,2023-09-21 01:12:35.704170,-38.941129408163285
147,2023-09-22 01:12:35.704170,-38.846110548505735
148,2023-09-23 01:12:35.704170,-38.746807794200755
149,2023-09-24 01:12:35.704170,-38.770933388387064
150,2023-09-25 01:12:35.704170,-38.582608680515804
151,2023-09-26 01:12:35.704170,-38.51051466778849
152,2023-09-27 01:12:35.704170,-39.861491934671164
153,2023-09-28 01:12:35.704170,-42.87742480043065
154,2023-09-29 01:12:35.704170,-47.393786302301876
155,2023-09-30 01:12:35.704170,-52.721616624743454
156,2023-10-01 01:12:35.704170,-59.62732446433338
157,2023-10-02 01:12:35.704170,-71.40498165021238
158,2023-10-03 01:12:35.704170,-91.67990724721656
159,2023-10-04 01:12:35.704170,-114.94564764383328
160,2023-10-05 01:12:35.704170,-134.2584118692432
161,2023-10-06 01:12:35.704170,-153.10958371431667
162,2023-10-07 01:12:35.704170,-167.57030927788702
163,2023-10-08 01:12:35.704170,-178.17675567772457
164,2023-10-09 01:12:35.704170,-185.78611165466592
165,2023-10-10 01:12:35.704170,-191.16821875836592
166,2023-10-11 01:12:35.704170,-194.55070533725578
167,2023-10-12 01:12:35.704170,-197.0525373773965
168,2023-10-13 01:12:35.704170,-199.51429055050647
169,2023-10-14 01:12:35.704170,-201.67305789807256
170,2023-10-15 01:12:35.704170,-202.60938940685992
171,2023-10-16 01:12:35.704170,-202.06072372592737
172,2023-10-17 01:12:35.704170,-200.24323361043017
173,2023-10-18 01:12:35.704170,-197.57487882624886
174,2023-10-19 01:12:35.704170,-196.0921130593308
175,2023-10-20 01:12:35.704170,-196.1510009012979
176,2023-10-21 01:12:35.704170,-195.78889569037398
177,2023-10-22 01:12:35.704170,-193.8374635161961
178,2023-10-23 01:12:35.704170,-189.99463584762574
179,2023-10-24 01:12:35.704170,-183.7588418410766
180,2023-10-25 01:12:35.704170,-174.08642517627612
181,2023-10-26 01:12:35.704170,-158.31639674504396
182,2023-10-27 01:12:35.704170,-133.18950092451456
183,2023-10-28 01:12:35.704170,-103.34613545188657
184,2023-10-29 01:12:35.704170,-79.71498048127042
185,2023-10-30 01:12:35.704170,-62.671767905726334
186,2023-10-31 01:12:35.704170,-50.75860523086562
187,2023-11-01 01:12:35.704170,-43.13410740755324
188,2023-11-02 01:12:35.704170,-38.16941775271373
189,2023-11-03 01:12:35.704170,-34.64020163497911
190,2023-11-04 01:12:35.704170,-31.9765902653944
0,2023-11-05 01:12:35.704170,-4.809319699097149
1,2023-11-06 01:12:35.704170,-7.418216320515656
2,2023-11-07 01:12:35.704170,-9.787835705873524
3,2023-11-08 01:12:35.704170,-11.91649079844576
4,2023-11-09 01:12:35.704170,-14.278100420963955
5,2023-11-10 01:12:35.704170,-16.800120451234484
6,2023-11-11 01:12:35.704170,-18.775583279969254
7,2023-11-12 01:12:35.704170,-20.656535415120725
8,2023-11-13 01:12:35.704170,-22.49343829427695
9,2023-11-14 01:12:35.704170,-24.728602673747446
10,2023-11-15 01:12:35.704170,-27.71092964275265
11,2023-11-16 01:12:35.704170,-31.16434022296496
12,2023-11-17 01:12:35.704170,-35.39734176485336
13,2023-11-18 01:12:35.704170,-41.93823144238105
14,2023-11-19 01:12:35.704170,-50.95396093546849
15,2023-11-20 01:12:35.704170,-62.82983350953661
16,2023-11-21 01:12:35.704170,-79.44879844705017
17,2023-11-22 01:12:35.704170,-107.02816612399752
18,2023-11-23 01:12:35.704170,-143.76394720507167
19,2023-11-24 01:12:35.704170,-172.20847900737837
20,2023-11-25 01:12:35.704170,-187.45798828422875
21,2023-11-26 01:12:35.704170,-194.43732078193895
22,2023-11-27 01:12:35.704170,-198.86272806972767
23,2023-11-28 01:12:35.704170,-203.18805464466496
24,2023-11-29 01:12:35.704170,-206.92154874311527
25,2023-11-30 01:12:35.704170,-208.28843352057493
26,2023-12-01 01:12:35.704170,-207.06305796837742
27,2023-12-02 01:12:35.704170,-204.68596908814325
28,2023-12-03 01:12:35.704170,-202.96585561360502
29,2023-12-04 01:12:35.704170,-202.49203309654078
30,2023-12-05 01:12:35.704170,-199.8193213346879
31,2023-12-06 01:12:35.704170,-193.99958693539224
32,2023-12-07 01:12:35.704170,-186.62393066203526
33,2023-12-08 01:12:35.704170,-177.01241879406382
34,2023-12-09 01:12:35.704170,-166.04195404731584
35,2023-12-10 01:12:35.704170,-149.52852236266816
36,2023-12-11 01:12:35.704170,-117.37385502585366
37,2023-12-12 01:12:35.704170,-80.26156436601812
38,2023-12-13 01:12:35.704170,-58.84033230967266
39,2023-12-14 01:12:35.704170,-47.5101249144347
40,2023-12-15 01:12:35.704170,-40.483429835962845
41,2023-12-16 01:12:35.704170,-33.46887746779745
42,2023-12-17 01:12:35.704170,-26.906882505734416
43,2023-12-18 01:12:35.704170,-20.230031765607368
44,2023-12-19 01:12:35.704170,-13.820194293722546
45,2023-12-20 01:12:35.704170,-9.082464994813382
46,2023-12-21 01:12:35.704170,-7.310769248644353
47,2023-12-22 01:12:35.704170,-7.335086771146346
48,2023-12-23 01:12:35.704170,-7.574600331752267
49,2023-12-24 01:12:35.704170,-7.459316300827292
50,2023-12-25 01:12:35.704170,-8.180218862060041
51,2023-12-26 01:12:35.704170,-10.985662373072667
52,2023-12-27 01:12:35.704170,-14.8614450213694
53,2023-12-28 01:12:35.704170,-18.42271111876538
54,2023-12-29 01:12:35.704170,-21.121383063615617
55,2023-12-30 01:12:35.704170,-22.893985175887515
56,2023-12-31 01:12:35.704170,-24.15390987396366
57,2024-01-01 01:12:35.704170,-24.699884460363215
58,2024-01-02 01:12:35.704170,-24.664717182364647
59,2024-01-03 01:12:35.704170,-24.375837746513547
60,2024-01-04 01:12:35.704170,-23.975247151692304
61,2024-01-05 01:12:35.704170,-22.38972392078706
62,2024-01-06 01:12:35.704170,-20.27418142538341
63,2024-01-07 01:12:35.704170,-18.574878854227347
64,2024-01-08 01:12:35.704170,-17.58959537965849
65,2024-01-09 01:12:35.704170,-16.095610344009764
66,2024-01-10 01:12:35.704170,-14.681506419761082
67,2024-01-11 01:12:35.704170,-14.058041288170983
68,2024-01-12 01:12:35.704170,-13.206924585506522
69,2024-01-13 01:12:35.704170,-10.84577736679514
70,2024-01-14 01:12:35.704170,-7.202553780491421
71,2024-01-15 01:12:35.704170,-3.1610693768923426
72,2024-01-16 01:12:35.704170,0.4108408873061876
73,2024-01-17 01:12:35.704170,5.73251925836234
74,2024-01-18 01:12:35.704170,15.957677177973107
75,2024-01-19 01:12:35.704170,32.71654795384118
76,2024-01-20 01:12:35.704170,53.83587160151008
77,2024-01-21 01:12:35.704170,73.41381484786062
78,2024-01-22 01:12:35.704170,90.49529105160363
79,2024-01-23 01:12:35.704170,103.12278422498282
80,2024-01-24 01:12:35.704170,111.9669666868762
81,2024-01-25 01:12:35.704170,117.57251352549888
82,2024-01-26 01:12:35.704170,119.8692235442973
83,2024-01-27 01:12:35.704170,120.50716013919137
84,2024-01-28 01:12:35.704170,121.04479711367108
85,2024-01-29 01:12:35.704170,121.4614010870014
86,2024-01-30 01:12:35.704170,121.92602675434827
87,2024-01-31 01:12:35.704170,122.26285002005936
88,2024-02-01 01:12:35.704170,121.18143743858339
89,2024-02-02 01:12:35.704170,119.48772059613052
90,2024-02-03 01:12:35.704170,117.32397882179195
91,2024-02-04 01:12:35.704170,111.21450028469629
92,2024-02-05 01:12:35.704170,99.89234282234806
93,2024-02-06 01:12:35.704170,85.20828625726497
94,2024-02-07 01:12:35.704170,66.13575992868637
95,2024-02-08 01:12:35.704170,46.60311278936406
96,2024-02-09 01:12:35.704170,30.69726228988214
97,2024-02-10 01:12:35.704170,17.42672724201887
98,2024-02-11 01:12:35.704170,7.522901719081608
99,2024-02-12 01:12:35.704170,0.10269143874972428
100,2024-02-13 01:12:35.704170,-5.642312494798981
101,2024-02-14 01:12:35.704170,-10.000570826819493
102,2024-02-15 01:12:35.704170,-12.464933815211356
103,2024-02-16 01:12:35.704170,-13.500908221724378
104,2024-02-17 01:12:35.704170,-14.407707358578449
105,2024-02-18 01:12:35.704170,-15.396132720165507
106,2024-02-19 01:12:35.704170,-15.763547037131252
107,2024-02-20 01:12:35.704170,-15.764611180603941
108,2024-02-21 01:12:35.704170,-16.096387619537314
109,2024-02-22 01:12:35.704170,-16.598257625409342
110,2024-02-23 01:12:35.704170,-17.007905051070026
111,2024-02-24 01:12:35.704170,-16.634015714771106
112,2024-02-25 01:12:35.704170,-15.275846258692415
113,2024-02-26 01:12:35.704170,-13.57427060058057
114,2024-02-27 01:12:35.704170,-12.000644193171652
115,2024-02-28 01:12:35.704170,-10.623012796071922
116,2024-02-29 01:12:35.704170,-10.059177948011705
117,2024-03-01 01:12:35.704170,-10.06972922424154
118,2024-03-02 01:12:35.704170,-10.07689682475655
119,2024-03-03 01:12:35.704170,-10.796296061352981
120,2024-03-04 01:12:35.704170,-12.062368612701059
121,2024-03-05 01:12:35.704170,-13.702398119220836
122,2024-03-06 01:12:35.704170,-14.81520259163166
123,2024-03-07 01:12:35.704170,-15.065914247381818
124,2024-03-08 01:12:35.704170,-15.257000400734515
125,2024-03-09 01:12:35.704170,-15.296153094113777
126,2024-03-10 01:12:35.704170,-15.41140434013074
127,2024-03-11 01:12:35.704170,-15.550656870891123
128,2024-03-12 01:12:35.704170,-15.78130484595437
129,2024-03-13 01:12:35.704170,-15.972427882328583
130,2024-03-14 01:12:35.704170,-16.610326569672758
131,2024-03-15 01:12:35.704170,-17.614693592782622
132,2024-03-16 01:12:35.704170,-18.995371254252177
133,2024-03-17 01:12:35.704170,-21.313446617038544
134,2024-03-18 01:12:35.704170,-24.23502588356565
135,2024-03-19 01:12:35.704170,-27.883195209847372
136,2024-03-20 01:12:35.704170,-31.826453296954657
137,2024-03-21 01:12:35.704170,-35.95678889939076
138,2024-03-22 01:12:35.704170,-40.61614860776321
139,2024-03-23 01:12:35.704170,-45.2926534569902
140,2024-03-24 01:12:35.704170,-48.658880770560806
141,2024-03-25 01:12:35.704170,-50.619343137840396
142,2024-03-26 01:12:35.704170,-52.29436506951598
143,2024-03-27 01:12:35.704170,-55.720678923253026
144,2024-03-28 01:12:35.704170,-63.97283834638156
145,2024-03-29 01:12:35.704170,-82.64405455984797
146,2024-03-30 01:12:35.704170,-116.47630942928716
147,2024-03-31 01:12:35.704170,-148.255521267426
148,2024-04-01 01:12:35.704170,-165.7907731575697
149,2024-04-02 01:12:35.704170,-174.77738828630103
150,2024-04-03 01:12:35.704170,-183.02041438047144
151,2024-04-04 01:12:35.704170,-190.6673869412477
152,2024-04-05 01:12:35.704170,-197.42367414745988
153,2024-04-06 01:12:35.704170,-202.96906033836365
154,2024-04-07 01:12:35.704170,-206.68588399410663
155,2024-04-08 01:12:35.704170,-208.71076392450541
156,2024-04-09 01:12:35.704170,-210.43784692407263
157,2024-04-10 01:12:35.704170,-212.20712683233222
158,2024-04-11 01:12:35.704170,-213.276250878963
159,2024-04-12 01:12:35.704170,-213.73434278734985
160,2024-04-13 01:12:35.704170,-213.25964327399612
161,2024-04-14 01:12:35.704170,-211.91251140361615
162,2024-04-15 01:12:35.704170,-209.83391613350878
163,2024-04-16 01:12:35.704170,-206.48379850411456
164,2024-04-17 01:12:35.704170,-202.30850727958037
165,2024-04-18 01:12:35.704170,-198.21452057786922
166,2024-04-19 01:12:35.704170,-194.67350462532448
167,2024-04-20 01:12:35.704170,-193.25277405154304
0,2024-04-21 01:12:35.704170,-0.061606712678180034
1,2024-04-22 01:12:35.704170,-0.13661380108651003
2,2024-04-23 01:12:35.704170,-0.16686675797724745
3,2024-04-24 01:12:35.704170,-1.0182464229247514
4,2024-04-25 01:12:35.704170,-3.037392409515256
5,2024-04-26 01:12:35.704170,-4.848677981170435
6,2024-04-27 01:12:35.704170,-6.351570266515776
7,2024-04-28 01:12:35.704170,-7.5799838868560725
8,2024-04-29 01:12:35.704170,-9.437666250524225
9,2024-04-30 01:12:35.704170,-11.718348376661528
10,2024-05-01 01:12:35.704170,-14.780701940096094
11,2024-05-02 01:12:35.704170,-17.987280412006818
12,2024-05-03 01:12:35.704170,-20.916724641363196
13,2024-05-04 01:12:35.704170,-23.37813425595794
14,2024-05-05 01:12:35.704170,-24.66871830718045
15,2024-05-06 01:12:35.704170,-25.199928073651183
16,2024-05-07 01:12:35.704170,-26.116990252752117
17,2024-05-08 01:12:35.704170,-27.28255110631212
18,2024-05-09 01:12:35.704170,-28.392144023775206
19,2024-05-10 01:12:35.704170,-29.041585730816696
20,2024-05-11 01:12:35.704170,-29.353133881504156
21,2024-05-12 01:12:35.704170,-29.510153100333582
22,2024-05-13 01:12:35.704170,-29.459474462729922
23,2024-05-14 01:12:35.704170,-29.761284129698776
24,2024-05-15 01:12:35.704170,-30.93971988984426
25,2024-05-16 01:12:35.704170,-33.09645457311332
26,2024-05-17 01:12:35.704170,-36.59232980543345
27,2024-05-18 01:12:35.704170,-41.90147409634371
28,2024-05-19 01:12:35.704170,-48.842346481856524
29,2024-05-20 01:12:35.704170,-56.917194194131525
30,2024-05-21 01:12:35.704170,-66.50334283763907
31,2024-05-22 01:12:35.704170,-79.14285788167129
32,2024-05-23 01:12:35.704170,-95.80576024197458
33,2024-05-24 01:12:35.704170,-115.8328031566344
34,2024-05-25 01:12:35.704170,-138.06631336549268
35,2024-05-26 01:12:35.704170,-157.90055843591955
36,2024-05-27 01:12:35.704170,-169.98472172684075
37,2024-05-28 01:12:35.704170,-177.86607086294816
38,2024-05-29 01:12:35.704170,-183.3770568060972
39,2024-05-30 01:12:35.704170,-186.97792707237653
40,2024-05-31 01:12:35.704170,-188.42787309731378
41,2024-06-01 01:12:35.704170,-189.331329539588
42,2024-06-02 01:12:35.704170,-190.16231699174955
43,2024-06-03 01:12:35.704170,-190.1792961590073
44,2024-06-04 01:12:35.704170,-190.16850446011867
45,2024-06-05 01:12:35.704170,-189.33183702264336
46,2024-06-06 01:12:35.704170,-187.46507802058719
47,2024-06-07 01:12:35.704170,-186.7591424528827
48,2024-06-08 01:12:35.704170,-186.95784358414102
49,2024-06-09 01:12:35.704170,-186.8882214168744
50,2024-06-10 01:12:35.704170,-184.51462617840062
51,2024-06-11 01:12:35.704170,-178.89757217857377
52,2024-06-12 01:12:35.704170,-170.3544712854837
53,2024-06-13 01:12:35.704170,-159.97901846828137
54,2024-06-14 01:12:35.704170,-150.31809906091078
55,2024-06-15 01:12:35.704170,-142.6438200868517
56,2024-06-16 01:12:35.704170,-133.8882388388717
57,2024-06-17 01:12:35.704170,-122.22313770636315
58,2024-06-18 01:12:35.704170,-108.77321525315759
59,2024-06-19 01:12:35.704170,-98.34967312306597
60,2024-06-20 01:12:35.704170,-92.76509872179929
61,2024-06-21 01:12:35.704170,-88.91399063300126
62,2024-06-22 01:12:35.704170,-84.20619322661763
63,2024-06-23 01:12:35.704170,-80.17217831789489
64,2024-06-24 01:12:35.704170,-78.35286454188928
65,2024-06-25 01:12:35.704170,-78.1631765282597
66,2024-06-26 01:12:35.704170,-78.18944680184539
67,2024-06-27 01:12:35.704170,-78.03729614185634
68,2024-06-28 01:12:35.704170,-75.68561283325894
69,2024-06-29 01:12:35.704170,-70.78253148473291
70,2024-06-30 01:12:35.704170,-66.30739973676756
71,2024-07-01 01:12:35.704170,-63.50195144462252
72,2024-07-02 01:12:35.704170,-61.71444995769517
73,2024-07-03 01:12:35.704170,-60.334848734038815
74,2024-07-04 01:12:35.704170,-58.48610230686179
75,2024-07-05 01:12:35.704170,-55.946718569683256
76,2024-07-06 01:12:35.704170,-53.49039403092557
77,2024-07-07 01:12:35.704170,-51.69349556973812
78,2024-07-08 01:12:35.704170,-50.430593592202776
79,2024-07-09 01:12:35.704170,-50.02050357028386
80,2024-07-10 01:12:35.704170,-49.76364337824286
81,2024-07-11 01:12:35.704170,-49.62310130776717
82,2024-07-12 01:12:35.704170,-49.48960799251494
83,2024-07-13 01:12:35.704170,-48.768997080359746
84,2024-07-14 01:12:35.704170,-46.22187883696508
85,2024-07-15 01:12:35.704170,-42.526291605389474
86,2024-07-16 01:12:35.704170,-39.03024971645361
87,2024-07-17 01:12:35.704170,-36.153842589021295
88,2024-07-18 01:12:35.704170,-34.0901596709288
89,2024-07-19 01:12:35.704170,-32.57030870889324
90,2024-07-20 01:12:35.704170,-31.897050132215913
91,2024-07-21 01:12:35.704170,-32.2150555437447
92,2024-07-22 01:12:35.704170,-33.320964257169486
93,2024-07-23 01:12:35.704170,-34.03352784044456
94,2024-07-24 01:12:35.704170,-34.630129838029006
95,2024-07-25 01:12:35.704170,-35.17338396008215
96,2024-07-26 01:12:35.704170,-34.09407883347457
97,2024-07-27 01:12:35.704170,-31.495547024121556
98,2024-07-28 01:12:35.704170,-28.003809520400626
99,2024-07-29 01:12:35.704170,-24.14279237505163
100,2024-07-30 01:12:35.704170,-19.921934226488595
101,2024-07-31 01:12:35.704170,-15.057545216591802
102,2024-08-01 01:12:35.704170,-8.770421655411099
103,2024-08-02 01:12:35.704170,-0.6069296990309155
104,2024-08-03 01:12:35.704170,9.915239679656775
105,2024-08-04 01:12:35.704170,26.386833040543564
106,2024-08-05 01:12:35.704170,47.97886076180016
107,2024-08-06 01:12:35.704170,71.40946014818195
108,2024-08-07 01:12:35.704170,92.52425899262737
109,2024-08-08 01:12:35.704170,107.69989795433246
110,2024-08-09 01:12:35.704170,118.90541281844109
111,2024-08-10 01:12:35.704170,127.35300820089526
112,2024-08-11 01:12:35.704170,131.72693498687175
113,2024-08-12 01:12:35.704170,133.95007345227063
114,2024-08-13 01:12:35.704170,135.41075414401695
115,2024-08-14 01:12:35.704170,136.7067763918566
116,2024-08-15 01:12:35.704170,137.6955330176184
117,2024-08-16 01:12:35.704170,138.18029852226144
118,2024-08-17 01:12:35.704170,137.71104506024238
119,2024-08-18 01:12:35.704170,133.00989859603732
120,2024-08-19 01:12:35.704170,122.91862963038643
121,2024-08-20 01:12:35.704170,112.7759867138744
122,2024-08-21 01:12:35.704170,102.517795779626
123,2024-08-22 01:12:35.704170,80.63125858296279
124,2024-08-23 01:12:35.704170,51.25693970299933
125,2024-08-24 01:12:35.704170,28.929353542098426
126,2024-08-25 01:12:35.704170,13.937397379980382
127,2024-08-26 01:12:35.704170,2.9106484593769153
128,2024-08-27 01:12:35.704170,-5.851063566402081
129,2024-08-28 01:12:35.704170,-12.966974575812639
130,2024-08-29 01:12:35.704170,-18.012649100622077
131,2024-08-30 01:12:35.704170,-21.163847032704503
132,2024-08-31 01:12:35.704170,-22.913472388608476
133,2024-09-01 01:12:35.704170,-23.671641827990648
134,2024-09-02 01:12:35.704170,-23.96339130933099
135,2024-09-03 01:12:35.704170,-24.410994779228357
136,2024-09-04 01:12:35.704170,-24.812269075985522
137,2024-09-05 01:12:35.704170,-25.101390300533247
138,2024-09-06 01:12:35.704170,-25.479521867325655
139,2024-09-07 01:12:35.704170,-25.84236747075558
140,2024-09-08 01:12:35.704170,-26.139163778873645
141,2024-09-09 01:12:35.704170,-26.299835782871195
142,2024-09-10 01:12:35.704170,-26.523417927238057
143,2024-09-11 01:12:35.704170,-26.76615738618898
144,2024-09-12 01:12:35.704170,-26.888891787460608
145,2024-09-13 01:12:35.704170,-27.04317893062202
146,2024-09-14 01:12:35.704170,-27.076167378275347
147,2024-09-15 01:12:35.704170,-27.7366753578101
148,2024-09-16 01:12:35.704170,-29.679851882338216
149,2024-09-17 01:12:35.704170,-32.05802403057477
150,2024-09-18 01:12:35.704170,-34.78506584916158
151,2024-09-19 01:12:35.704170,-39.41763618957138
152,2024-09-20 01:12:35.704170,-49.09206092998785
153,2024-09-21 01:12:35.704170,-66.2853723766943
154,2024-09-22 01:12:35.704170,-97.11241877916214
155,2024-09-23 01:12:35.704170,-139.53971357702085
156,2024-09-24 01:12:35.704170,-169.52868229029949
157,2024-09-25 01:12:35.704170,-183.90692853850948
158,2024-09-26 01:12:35.704170,-190.82652283570096
159,2024-09-27 01:12:35.704170,-194.7194519908901
160,2024-09-28 01:12:35.704170,-198.21836734040977
161,2024-09-29 01:12:35.704170,-201.84175400830702
162,2024-09-30 01:12:35.704170,-203.2343448857269
163,2024-10-01 01:12:35.704170,-202.97897162586824
164,2024-10-02 01:12:35.704170,-202.9553910807777
165,2024-10-03 01:12:35.704170,-202.79746344678864
166,2024-10-04 01:12:35.704170,-201.9951122457413
167,2024-10-05 01:12:35.704170,-201.02969437637347
168,2024-10-06 01:12:35.704170,-200.1691192277463
169,2024-10-07 01:12:35.704170,-197.64385349158223
170,2024-10-08 01:12:35.704170,-193.33786045010956
171,2024-10-09 01:12:35.704170,-189.32115255772476
172,2024-10-10 01:12:35.704170,-186.7795558392551
173,2024-10-11 01:12:35.704170,-183.79904774962588
174,2024-10-12 01:12:35.704170,-176.64894754530593
175,2024-10-13 01:12:35.704170,-161.9069971388873
0,2024-10-14 01:12:35.704170,8.283089479363522
1,2024-10-15 01:12:35.704170,5.113563417662283
2,2024-10-16 01:12:35.704170,0.6871937562194859
3,2024-10-17 01:12:35.704170,-3.5798999918921113
4,2024-10-18 01:12:35.704170,-7.099338693829857
5,2024-10-19 01:12:35.704170,-10.384708861968013
6,2024-10-20 01:12:35.704170,-14.04259003423058
7,2024-10-21 01:12:35.704170,-18.25160668382956
8,2024-10-22 01:12:35.704170,-22.446831132437538
9,2024-10-23 01:12:35.704170,-26.138599605248203
10,2024-10-24 01:12:35.704170,-29.13786134528153
11,2024-10-25 01:12:35.704170,-31.89036610909414
12,2024-10-26 01:12:35.704170,-33.380298110489385
13,2024-10-27 01:12:35.704170,-33.625612550757396
14,2024-10-28 01:12:35.704170,-33.703718495992156
15,2024-10-29 01:12:35.704170,-33.73197362255066
16,2024-10-30 01:12:35.704170,-33.85696881643757
17,2024-10-31 01:12:35.704170,-33.8581272165208
18,2024-11-01 01:12:35.704170,-34.267939932759404
19,2024-11-02 01:12:35.704170,-37.44929315002744
20,2024-11-03 01:12:35.704170,-47.14484093347107
21,2024-11-04 01:12:35.704170,-66.25758443507502
22,2024-11-05 01:12:35.704170,-102.05133029828276
23,2024-11-06 01:12:35.704170,-146.7593792580374
24,2024-11-07 01:12:35.704170,-175.18234542105864
25,2024-11-08 01:12:35.704170,-189.40954545086848
26,2024-11-09 01:12:35.704170,-196.8261029460322
27,2024-11-10 01:12:35.704170,-199.9563485898167
28,2024-11-11 01:12:35.704170,-201.25297462637897
29,2024-11-12 01:12:35.704170,-202.88830291369305
30,2024-11-13 01:12:35.704170,-204.17848261771672
31,2024-11-14 01:12:35.704170,-203.1474983474113
32,2024-11-15 01:12:35.704170,-200.3451769158683
33,2024-11-16 01:12:35.704170,-196.05871480032727
34,2024-11-17 01:12:35.704170,-190.93551353032467
35,2024-11-18 01:12:35.704170,-184.07679124505418
36,2024-11-19 01:12:35.704170,-172.13815401364604
37,2024-11-20 01:12:35.704170,-148.8637571262237
38,2024-11-21 01:12:35.704170,-107.2829782610788
39,2024-11-22 01:12:35.704170,-68.38069409706011
40,2024-11-23 01:12:35.704170,-47.09813746596437
41,2024-11-24 01:12:35.704170,-35.22706514884494
42,2024-11-25 01:12:35.704170,-27.235745185967858
43,2024-11-26 01:12:35.704170,-21.08897244996607
44,2024-11-27 01:12:35.704170,-17.899578050988186
45,2024-11-28 01:12:35.704170,-17.443068697432047
46,2024-11-29 01:12:35.704170,-17.88089884964603
47,2024-11-30 01:12:35.704170,-18.4473749318583
48,2024-12-01 01:12:35.704170,-19.566394876413835
49,2024-12-02 01:12:35.704170,-22.243951974463897
50,2024-12-03 01:12:35.704170,-25.822464982533074
51,2024-12-04 01:12:35.704170,-29.354221247620025
52,2024-12-05 01:12:35.704170,-32.35684480676283
53,2024-12-06 01:12:35.704170,-35.36794463066563
54,2024-12-07 01:12:35.704170,-38.70502342893428
55,2024-12-08 01:12:35.704170,-41.61995145724763
56,2024-12-09 01:12:35.704170,-42.6378012737791
57,2024-12-10 01:12:35.704170,-41.828300913727524
58,2024-12-11 01:12:35.704170,-38.42016765752324
59,2024-12-12 01:12:35.704170,-32.75755014876213
60,2024-12-13 01:12:35.704170,-27.072442193102027
61,2024-12-14 01:12:35.704170,-22.486203757908072
62,2024-12-15 01:12:35.704170,-18.784737099494908
63,2024-12-16 01:12:35.704170,-15.182679746337772
64,2024-12-17 01:12:35.704170,-8.142162414042563
65,2024-12-18 01:12:35.704170,8.717461506800737
66,2024-12-19 01:12:35.704170,49.43619005047546
67,2024-12-20 01:12:35.704170,98.86511110332937
68,2024-12-21 01:12:35.704170,123.726527457304
69,2024-12-22 01:12:35.704170,137.05388523943878
70,2024-12-23 01:12:35.704170,146.92586705442767
71,2024-12-24 01:12:35.704170,154.2567606585306
72,2024-12-25 01:12:35.704170,158.66916394915853
73,2024-12-26 01:12:35.704170,161.08220557914584
74,2024-12-27 01:12:35.704170,162.16075392079338
75,2024-12-28 01:12:35.704170,162.25247653115747
76,2024-12-29 01:12:35.704170,162.12134304626346
77,2024-12-30 01:12:35.704170,160.99330042181435
78,2024-12-31 01:12:35.704170,158.40752467375526
79,2025-01-01 01:12:35.704170,155.05035692309977
80,2025-01-02 01:12:35.704170,151.78674705463837
81,2025-01-03 01:12:35.704170,148.03585065871127
82,2025-01-04 01:12:35.704170,142.0033814799791
83,2025-01-05 01:12:35.704170,133.08136764645556
84,2025-01-06 01:12:35.704170,119.83288523036552
85,2025-01-07 01:12:35.704170,97.33681161083709
86,2025-01-08 01:12:35.704170,63.88671762935078
87,2025-01-09 01:12:35.704170,32.809046132185536
88,2025-01-10 01:12:35.704170,14.14971927448156
89,2025-01-11 01:12:35.704170,2.5639296155963125
90,2025-01-12 01:12:35.704170,-6.070582431231704
91,2025-01-13 01:12:35.704170,-12.658969927266583
92,2025-01-14 01:12:35.704170,-17.427165967987506
93,2025-01-15 01:12:35.704170,-20.565596227454428
94,2025-01-16 01:12:35.704170,-22.36826210037705
95,2025-01-17 01:12:35.704170,-24.36950957624753
96,2025-01-18 01:12:35.704170,-26.88204520583658
97,2025-01-19 01:12:35.704170,-28.45651992274041
98,2025-01-20 01:12:35.704170,-28.968396155746508
99,2025-01-21 01:12:35.704170,-29.823951115333635
100,2025-01-22 01:12:35.704170,-30.808383548331914
101,2025-01-23 01:12:35.704170,-31.953589072127443
102,2025-01-24 01:12:35.704170,-33.75260899007111
103,2025-01-25 01:12:35.704170,-36.274869443000426
104,2025-01-26 01:12:35.704170,-38.785014506379966
105,2025-01-27 01:12:35.704170,-40.931211573797555
106,2025-01-28 01:12:35.704170,-43.242976524809734
107,2025-01-29 01:12:35.704170,-45.32670058396489
108,2025-01-30 01:12:35.704170,-47.0276362533515
109,2025-01-31 01:12:35.704170,-49.1407383221647
110,2025-02-01 01:12:35.704170,-53.31249492380342
111,2025-02-02 01:12:35.704170,-61.78883754794579
112,2025-02-03 01:12:35.704170,-79.19298363819874
113,2025-02-04 01:12:35.704170,-106.00252032954741
114,2025-02-05 01:12:35.704170,-138.40646771446197
115,2025-02-06 01:12:35.704170,-167.09026240943209
116,2025-02-07 01:12:35.704170,-184.93245480464913
117,2025-02-08 01:12:35.704170,-195.02317820894
118,2025-02-09 01:12:35.704170,-201.10451978174984
119,2025-02-10 01:12:35.704170,-205.83631569532704
120,2025-02-11 01:12:35.704170,-210.14358871425014
121,2025-02-12 01:12:35.704170,-214.08543226918033
122,2025-02-13 01:12:35.704170,-217.84161113341148
123,2025-02-14 01:12:35.704170,-220.95163019649735
124,2025-02-15 01:12:35.704170,-223.21317071748572
125,2025-02-16 01:12:35.704170,-223.68280803613607
126,2025-02-17 01:12:35.704170,-221.23673697736044
127,2025-02-18 01:12:35.704170,-215.77037163553078
128,2025-02-19 01:12:35.704170,-210.3301730899209
129,2025-02-20 01:12:35.704170,-205.8731953017505
130,2025-02-21 01:12:35.704170,-202.15730396682923
131,2025-02-22 01:12:35.704170,-198.77292610855818
132,2025-02-23 01:12:35.704170,-193.5277117052604
133,2025-02-24 01:12:35.704170,-185.84001072646325
134,2025-02-25 01:12:35.704170,-173.6953285444012
135,2025-02-26 01:12:35.704170,-147.11680032522847
0,2025-02-27 01:12:35.704170,25.46184032879733
1,2025-02-28 01:12:35.704170,22.685533721765058
2,2025-03-01 01:12:35.704170,19.920092579664445
3,2025-03-02 01:12:35.704170,16.30196037629569
4,2025-03-03 01:12:35.704170,12.722424205888837
5,2025-03-04 01:12:35.704170,9.319393784013455
6,2025-03-05 01:12:35.704170,6.158253145556239
7,2025-03-06 01:12:35.704170,2.944539175019602
8,2025-03-07 01:12:35.704170,-0.0005728252738634865
9,2025-03-08 01:12:35.704170,-2.773126926376129
10,2025-03-09 01:12:35.704170,-5.696770959089326
11,2025-03-10 01:12:35.704170,-8.458781980188759
12,2025-03-11 01:12:35.704170,-11.688544846218175
13,2025-03-12 01:12:35.704170,-14.262224329257174
14,2025-03-13 01:12:35.704170,-16.586019292454516
15,2025-03-14 01:12:35.704170,-18.674998499157063
16,2025-03-15 01:12:35.704170,-20.537925765088865
17,2025-03-16 01:12:35.704170,-22.23832321556889
18,2025-03-17 01:12:35.704170,-23.77007031808187
19,2025-03-18 01:12:35.704170,-25.29637717492093
20,2025-03-19 01:12:35.704170,-26.717432182687936
21,2025-03-20 01:12:35.704170,-28.001677135341748
22,2025-03-21 01:12:35.704170,-29.30340054208163
23,2025-03-22 01:12:35.704170,-30.223410630828333
24,2025-03-23 01:12:35.704170,-31.296054956957324
25,2025-03-24 01:12:35.704170,-31.65171246930472
26,2025-03-25 01:12:35.704170,-31.658037224476153
27,2025-03-26 01:12:35.704170,-31.689359105972
28,2025-03-27 01:12:35.704170,-31.709599688558416
29,2025-03-28 01:12:35.704170,-31.72737184077879
30,2025-03-29 01:12:35.704170,-31.751881291596465
31,2025-03-30 01:12:35.704170,-31.7699252853458
32,2025-03-31 01:12:35.704170,-31.777412538713968
33,2025-04-01 01:12:35.704170,-31.818149152961762
34,2025-04-02 01:12:35.704170,-31.931621817718856
35,2025-04-03 01:12:35.704170,-32.100552886460775
36,2025-04-04 01:12:35.704170,-32.76140510752969
37,2025-04-05 01:12:35.704170,-32.99915306423516
38,2025-04-06 01:12:35.704170,-31.345758243547504
39,2025-04-07 01:12:35.704170,-28.921812899569193
40,2025-04-08 01:12:35.704170,-26.572432730759907
41,2025-04-09 01:12:35.704170,-25.01877438138952
42,2025-04-10 01:12:35.704170,-24.063782795789674
43,2025-04-11 01:12:35.704170,-23.126318158618993
44,2025-04-12 01:12:35.704170,-21.56511723134817
45,2025-04-13 01:12:35.704170,-20.444723052731625
46,2025-04-14 01:12:35.704170,-19.03838846866384
47,2025-04-15 01:12:35.704170,-17.515073917700153
48,2025-04-16 01:12:35.704170,-15.618798936164675
49,2025-04-17 01:12:35.704170,-13.29710562217495
50,2025-04-18 01:12:35.704170,-11.349208753911432
51,2025-04-19 01:12:35.704170,-10.377178578408074
52,2025-04-20 01:12:35.704170,-10.04633036218291
53,2025-04-21 01:12:35.704170,-9.642851280361663
54,2025-04-22 01:12:35.704170,-9.03773067084438
55,2025-04-23 01:12:35.704170,-9.147077218323867
56,2025-04-24 01:12:35.704170,-10.286457273776296
57,2025-04-25 01:12:35.704170,-12.097212822751876
58,2025-04-26 01:12:35.704170,-13.814937097118388
59,2025-04-27 01:12:35.704170,-15.741105767594258
60,2025-04-28 01:12:35.704170,-17.828199842085887
61,2025-04-29 01:12:35.704170,-20.71267069085231
62,2025-04-30 01:12:35.704170,-24.504809476535232
63,2025-05-01 01:12:35.704170,-28.51042514170798
64,2025-05-02 01:12:35.704170,-32.27054263452405
65,2025-05-03 01:12:35.704170,-36.15747761569757
66,2025-05-04 01:12:35.704170,-40.54837264062917
67,2025-05-05 01:12:35.704170,-45.07048652781936
68,2025-05-06 01:12:35.704170,-47.444852894650396
69,2025-05-07 01:12:35.704170,-47.845249512099215
70,2025-05-08 01:12:35.704170,-48.10619552330171
71,2025-05-09 01:12:35.704170,-48.59021551279684
72,2025-05-10 01:12:35.704170,-48.70678908343711
73,2025-05-11 01:12:35.704170,-48.80836492469787
74,2025-05-12 01:12:35.704170,-49.11322632018789
75,2025-05-13 01:12:35.704170,-49.927921722122164
76,2025-05-14 01:12:35.704170,-53.80597199322334
77,2025-05-15 01:12:35.704170,-62.5810766539269
78,2025-05-16 01:12:35.704170,-77.76999942076355
79,2025-05-17 01:12:35.704170,-103.94712343270942
80,2025-05-18 01:12:35.704170,-143.59785203087316
81,2025-05-19 01:12:35.704170,-179.1806363913655
82,2025-05-20 01:12:35.704170,-199.11724823895906
83,2025-05-21 01:12:35.704170,-207.51963084269283
84,2025-05-22 01:12:35.704170,-208.8564422972369
85,2025-05-23 01:12:35.704170,-208.39210759594872
86,2025-05-24 01:12:35.704170,-208.56806692934657
87,2025-05-25 01:12:35.704170,-209.1416908045252
88,2025-05-26 01:12:35.704170,-208.7391283340906
89,2025-05-27 01:12:35.704170,-204.71474877322996
90,2025-05-28 01:12:35.704170,-198.25906160748474
91,2025-05-29 01:12:35.704170,-192.59690513649258
92,2025-05-30 01:12:35.704170,-187.191160114113
93,2025-05-31 01:12:35.704170,-179.07666042163038
94,2025-06-01 01:12:35.704170,-161.94104289982414
95,2025-06-02 01:12:35.704170,-126.07219109236198
96,2025-06-03 01:12:35.704170,-93.42016568169278
97,2025-06-04 01:12:35.704170,-79.83999479968698
98,2025-06-05 01:12:35.704170,-76.1803097744646
99,2025-06-06 01:12:35.704170,-74.51430642456911
100,2025-06-07 01:12:35.704170,-70.81856892883175
101,2025-06-08 01:12:35.704170,-67.85146781752435
102,2025-06-09 01:12:35.704170,-66.34121053919696
103,2025-06-10 01:12:35.704170,-65.42352954495723
104,2025-06-11 01:12:35.704170,-63.63589008820867
105,2025-06-12 01:12:35.704170,-61.563754127999346
106,2025-06-13 01:12:35.704170,-59.79908459742951
107,2025-06-14 01:12:35.704170,-59.23434816439885
108,2025-06-15 01:12:35.704170,-59.002827974178594
109,2025-06-16 01:12:35.704170,-58.9691660698731
110,2025-06-17 01:12:35.704170,-59.14912789412462
111,2025-06-18 01:12:35.704170,-59.753423416790156
112,2025-06-19 01:12:35.704170,-59.728987732015526
113,2025-06-20 01:12:35.704170,-57.21597672126022
114,2025-06-21 01:12:35.704170,-52.89079904444684
115,2025-06-22 01:12:35.704170,-47.79156149314724
116,2025-06-23 01:12:35.704170,-42.03450159269455
117,2025-06-24 01:12:35.704170,-35.73371355506031
118,2025-06-25 01:12:35.704170,-26.82881822465359
119,2025-06-26 01:12:35.704170,-9.320478645877566
120,2025-06-27 01:12:35.704170,27.975976613218364
121,2025-06-28 01:12:35.704170,74.69711109524285
122,2025-06-29 01:12:35.704170,100.88185061950819
123,2025-06-30 01:12:35.704170,116.19551306712374
124,2025-07-01 01:12:35.704170,128.41591165273945
125,2025-07-02 01:12:35.704170,137.72861538037282
126,2025-07-03 01:12:35.704170,142.86933130446408
127,2025-07-04 01:12:35.704170,145.34191715759772
128,2025-07-05 01:12:35.704170,146.92462635056495
129,2025-07-06 01:12:35.704170,147.63987556422165
130,2025-07-07 01:12:35.704170,148.59866268594325
131,2025-07-08 01:12:35.704170,147.12043079859623
132,2025-07-09 01:12:35.704170,140.75458418458928
133,2025-07-10 01:12:35.704170,130.39096330408614
134,2025-07-11 01:12:35.704170,119.88282176791586
135,2025-07-12 01:12:35.704170,110.65373406987541
136,2025-07-13 01:12:35.704170,95.00335626286544
137,2025-07-14 01:12:35.704170,64.35903178451424
138,2025-07-15 01:12:35.704170,30.506125251620137
139,2025-07-16 01:12:35.704170,9.625012647482425
140,2025-07-17 01:12:35.704170,-0.4499357519014211
141,2025-07-18 01:12:35.704170,-6.149745006731068
142,2025-07-19 01:12:35.704170,-10.872776421565282
143,2025-07-20 01:12:35.704170,-15.777268204154888
144,2025-07-21 01:12:35.704170,-20.27777410488684
145,2025-07-22 01:12:35.704170,-24.303810669640093
146,2025-07-23 01:12:35.704170,-27.344559661711003
147,2025-07-24 01:12:35.704170,-30.07987283938268
148,2025-07-25 01:12:35.704170,-32.31570384531618
149,2025-07-26 01:12:35.704170,-34.59442434112384
150,2025-07-27 01:12:35.704170,-36.25240904893376
151,2025-07-28 01:12:35.704170,-38.16676354120226
152,2025-07-29 01:12:35.704170,-39.63853133751877
153,2025-07-30 01:12:35.704170,-41.50533678486131
154,2025-07-31 01:12:35.704170,-43.9146655240158
155,2025-08-01 01:12:35.704170,-46.07876861536149
156,2025-08-02 01:12:35.704170,-47.88357780164565
157,2025-08-03 01:12:35.704170,-49.17760631726659
158,2025-08-04 01:12:35.704170,-50.51337548494331
159,2025-08-05 01:12:35.704170,-52.18122161987689
160,2025-08-06 01:12:35.704170,-53.88714742547112
161,2025-08-07 01:12:35.704170,-56.399431704098696
162,2025-08-08 01:12:35.704170,-60.05883532552726
163,2025-08-09 01:12:35.704170,-65.13966005286235
164,2025-08-10 01:12:35.704170,-74.84124708957012
165,2025-08-11 01:12:35.704170,-96.82637592087335
166,2025-08-12 01:12:35.704170,-140.1101388746112
167,2025-08-13 01:12:35.704170,-185.4094171596749
168,2025-08-14 01:12:35.704170,-207.9229395112943
0,2025-08-15 01:12:35.704170,-25.762018491397377
1,2025-08-16 01:12:35.704170,-28.04155314575412
2,2025-08-17 01:12:35.704170,-29.180091038881887
3,2025-08-18 01:12:35.704170,-29.575509814463594
4,2025-08-19 01:12:35.704170,-30.972350435585078
5,2025-08-20 01:12:35.704170,-34.33943971902893
6,2025-08-21 01:12:35.704170,-38.007815476951215
7,2025-08-22 01:12:35.704170,-41.468482450137756
8,2025-08-23 01:12:35.704170,-44.22281360653443
9,2025-08-24 01:12:35.704170,-46.93737530346978
10,2025-08-25 01:12:35.704170,-50.12342769088678
11,2025-08-26 01:12:35.704170,-53.4713801503141
12,2025-08-27 01:12:35.704170,-58.521301003730535
13,2025-08-28 01:12:35.704170,-66.18069289747469
14,2025-08-29 01:12:35.704170,-77.1703552569228
15,2025-08-30 01:12:35.704170,-94.62161407943641
16,2025-08-31 01:12:35.704170,-126.6280837964553
17,2025-09-01 01:12:35.704170,-172.27047321938002
18,2025-09-02 01:12:35.704170,-204.30366871539087
19,2025-09-03 01:12:35.704170,-220.23038988241015
20,2025-09-04 01:12:35.704170,-227.79625770339663
21,2025-09-05 01:12:35.704170,-231.4292237116048
22,2025-09-06 01:12:35.704170,-233.52090528265248
23,2025-09-07 01:12:35.704170,-235.25071216166074
24,2025-09-08 01:12:35.704170,-237.45231708966327
25,2025-09-09 01:12:35.704170,-237.70330775864105
26,2025-09-10 01:12:35.704170,-235.47462898529693
27,2025-09-11 01:12:35.704170,-233.09847823154524
28,2025-09-12 01:12:35.704170,-231.16629899459977
29,2025-09-13 01:12:35.704170,-228.70616286877575
30,2025-09-14 01:12:35.704170,-224.77647739207768
31,2025-09-15 01:12:35.704170,-218.56722447611483
32,2025-09-16 01:12:35.704170,-206.87673211536676
33,2025-09-17 01:12:35.704170,-184.18419870182834
34,2025-09-18 01:12:35.704170,-142.02593453679455
35,2025-09-19 01:12:35.704170,-102.08843944453659
36,2025-09-20 01:12:35.704170,-80.89962761544709
37,2025-09-21 01:12:35.704170,-69.69263000264701
38,2025-09-22 01:12:35.704170,-63.40431525647504
39,2025-09-23 01:12:35.704170,-59.43290176357111
40,2025-09-24 01:12:35.704170,-56.4735938981067
41,2025-09-25 01:12:35.704170,-55.18757856042002
42,2025-09-26 01:12:35.704170,-55.24099610388087
43,2025-09-27 01:12:35.704170,-55.685417388643906
44,2025-09-28 01:12:35.704170,-56.406852021613005
45,2025-09-29 01:12:35.704170,-57.37163400036915
46,2025-09-30 01:12:35.704170,-57.558447870396
47,2025-10-01 01:12:35.704170,-56.246764681808415
48,2025-10-02 01:12:35.704170,-54.77546133835547
49,2025-10-03 01:12:35.704170,-54.11914026478193
50,2025-10-04 01:12:35.704170,-53.1913109754734
51,2025-10-05 01:12:35.704170,-51.61797416808529
52,2025-10-06 01:12:35.704170,-50.06449818476574
53,2025-10-07 01:12:35.704170,-48.26241697603608
54,2025-10-08 01:12:35.704170,-46.499474117288415
55,2025-10-09 01:12:35.704170,-43.49841057335205
56,2025-10-10 01:12:35.704170,-37.4108965585893
57,2025-10-11 01:12:35.704170,-28.21090768622459
58,2025-10-12 01:12:35.704170,-15.573559861216012
59,2025-10-13 01:12:35.704170,8.93654733763698
60,2025-10-14 01:12:35.704170,47.05624529739456
61,2025-10-15 01:12:35.704170,79.82329636016797
62,2025-10-16 01:12:35.704170,98.72144731356983
63,2025-10-17 01:12:35.704170,107.97961494754409
64,2025-10-18 01:12:35.704170,114.18195212621758
65,2025-10-19 01:12:35.704170,119.45781563737803
66,2025-10-20 01:12:35.704170,122.41380368939637
67,2025-10-21 01:12:35.704170,123.11264678866674
68,2025-10-22 01:12:35.704170,123.83588390855778
69,2025-10-23 01:12:35.704170,124.17714338213477
70,2025-10-24 01:12:35.704170,120.46105892361467
71,2025-10-25 01:12:35.704170,107.9438163893115
72,2025-10-26 01:12:35.704170,82.86897189298202
73,2025-10-27 01:12:35.704170,48.37893601884854
74,2025-10-28 01:12:35.704170,19.596530126226934
75,2025-10-29 01:12:35.704170,0.017027889198341483
76,2025-10-30 01:12:35.704170,-14.016193402145229
77,2025-10-31 01:12:35.704170,-24.270390554031227
78,2025-11-01 01:12:35.704170,-32.507436817583276
79,2025-11-02 01:12:35.704170,-36.746185280639324
80,2025-11-03 01:12:35.704170,-37.75175441704311
81,2025-11-04 01:12:35.704170,-39.21676305815697
82,2025-11-05 01:12:35.704170,-42.36486418246972
83,2025-11-06 01:12:35.704170,-45.24335315156105
84,2025-11-07 01:12:35.704170,-46.58444440263905
85,2025-11-08 01:12:35.704170,-47.80497598467714
86,2025-11-09 01:12:35.704170,-49.35665836032065
87,2025-11-10 01:12:35.704170,-50.71580180137498
88,2025-11-11 01:12:35.704170,-49.61049824271066
89,2025-11-12 01:12:35.704170,-47.38024613529122
90,2025-11-13 01:12:35.704170,-45.143113295301944
91,2025-11-14 01:12:35.704170,-44.127894467638754
92,2025-11-15 01:12:35.704170,-44.12332233900835
93,2025-11-16 01:12:35.704170,-44.28680564886828
94,2025-11-17 01:12:35.704170,-45.070643622170266
95,2025-11-18 01:12:35.704170,-49.173911184925615
96,2025-11-19 01:12:35.704170,-56.827527470707594
97,2025-11-20 01:12:35.704170,-68.91362370516387
98,2025-11-21 01:12:35.704170,-91.02855408899873
99,2025-11-22 01:12:35.704170,-135.79796041382616
100,2025-11-23 01:12:35.704170,-188.00477156502606
101,2025-11-24 01:12:35.704170,-214.24188014268572
102,2025-11-25 01:12:35.704170,-226.35274742420484
103,2025-11-26 01:12:35.704170,-232.87624060991647
104,2025-11-27 01:12:35.704170,-235.74903900690077
105,2025-11-28 01:12:35.704170,-234.94289226973174
106,2025-11-29 01:12:35.704170,-233.64240068760864
107,2025-11-30 01:12:35.704170,-232.23548109783846
108,2025-12-01 01:12:35.704170,-230.87373091508744
109,2025-12-02 01:12:35.704170,-229.96045573437178
110,2025-12-03 01:12:35.704170,-229.45584135849123
111,2025-12-04 01:12:35.704170,-229.16466151492773
112,2025-12-05 01:12:35.704170,-229.26164302944318
113,2025-12-06 01:12:35.704170,-229.7076977539463
114,2025-12-07 01:12:35.704170,-229.58586323009777
0,2025-12-08 01:12:35.704170,-12.223273526149303
1,2025-12-09 01:12:35.704170,-21.244275925275993
2,2025-12-10 01:12:35.704170,-26.86786709915747
3,2025-12-11 01:12:35.704170,-31.32703806107034
4,2025-12-12 01:12:35.704170,-35.8905265021768
5,2025-12-13 01:12:35.704170,-39.169918888753365
6,2025-12-14 01:12:35.704170,-42.27313064380295
7,2025-12-15 01:12:35.704170,-45.9153672677716
8,2025-12-16 01:12:35.704170,-50.5964961550667
9,2025-12-17 01:12:35.704170,-54.91786668443672
10,2025-12-18 01:12:35.704170,-59.18277613805175
11,2025-12-19 01:12:35.704170,-63.51780021557264
12,2025-12-20 01:12:35.704170,-67.82239033618977
13,2025-12-21 01:12:35.704170,-72.90663835433686
14,2025-12-22 01:12:35.704170,-79.434159985621
15,2025-12-23 01:12:35.704170,-86.81802787664473
16,2025-12-24 01:12:35.704170,-96.4933684085534
17,2025-12-25 01:12:35.704170,-111.22725031250548
18,2025-12-26 01:12:35.704170,-140.2668725915333
19,2025-12-27 01:12:35.704170,-193.41369160084128
20,2025-12-28 01:12:35.704170,-232.93769148036964
21,2025-12-29 01:12:35.704170,-248.9010212660571
22,2025-12-30 01:12:35.704170,-255.51943606660797
23,2025-12-31 01:12:35.704170,-258.09181217879865
24,2026-01-01 01:12:35.704170,-258.4927054363775
25,2026-01-02 01:12:35.704170,-257.63394319071085
26,2026-01-03 01:12:35.704170,-256.5164256316406
27,2026-01-04 01:12:35.704170,-255.09649803197354
28,2026-01-05 01:12:35.704170,-254.49613635676036
29,2026-01-06 01:12:35.704170,-252.7535312400401
30,2026-01-07 01:12:35.704170,-248.8567172440058
31,2026-01-08 01:12:35.704170,-241.48181058391023
32,2026-01-09 01:12:35.704170,-229.2562000516936
33,2026-01-10 01:12:35.704170,-209.8118628187166
34,2026-01-11 01:12:35.704170,-182.7670403169828
35,2026-01-12 01:12:35.704170,-154.5559944333395
36,2026-01-13 01:12:35.704170,-132.46761413302238
37,2026-01-14 01:12:35.704170,-115.50570812935817
38,2026-01-15 01:12:35.704170,-104.8030516848718
39,2026-01-16 01:12:35.704170,-101.08218728921578
40,2026-01-17 01:12:35.704170,-101.16897577092347
41,2026-01-18 01:12:35.704170,-102.35272268616755
42,2026-01-19 01:12:35.704170,-104.20170270581418
43,2026-01-20 01:12:35.704170,-107.0626503830791
44,2026-01-21 01:12:35.704170,-107.34457873541187
45,2026-01-22 01:12:35.704170,-105.44307046293434
46,2026-01-23 01:12:35.704170,-102.30266696181619
47,2026-01-24 01:12:35.704170,-98.89416760747238
48,2026-01-25 01:12:35.704170,-95.06299702275851
49,2026-01-26 01:12:35.704170,-91.69912066030022
50,2026-01-27 01:12:35.704170,-88.43877676092883
51,2026-01-28 01:12:35.704170,-86.77692480001086
52,2026-01-29 01:12:35.704170,-85.03872908266399
53,2026-01-30 01:12:35.704170,-79.89308722614332
54,2026-01-31 01:12:35.704170,-66.16622109266127
55,2026-02-01 01:12:35.704170,-36.392324791062556
56,2026-02-02 01:12:35.704170,8.637070180269689
57,2026-02-03 01:12:35.704170,40.98829328592418
58,2026-02-04 01:12:35.704170,59.14832528982795
59,2026-02-05 01:12:35.704170,72.2109533067148
60,2026-02-06 01:12:35.704170,84.32561994499278
61,2026-02-07 01:12:35.704170,92.05852457246831
62,2026-02-08 01:12:35.704170,96.36031275205275
63,2026-02-09 01:12:35.704170,98.9520244040761
64,2026-02-10 01:12:35.704170,100.52530119117687
65,2026-02-11 01:12:35.704170,102.32010030834556
66,2026-02-12 01:12:35.704170,104.90870631604199
67,2026-02-13 01:12:35.704170,104.2680417435934
68,2026-02-14 01:12:35.704170,99.05513037846566
69,2026-02-15 01:12:35.704170,90.25935241334331
70,2026-02-16 01:12:35.704170,78.94081455371682
71,2026-02-17 01:12:35.704170,64.67596408794705
72,2026-02-18 01:12:35.704170,48.08063399552795
73,2026-02-19 01:12:35.704170,23.041999928510187
74,2026-02-20 01:12:35.704170,-7.5019687831372694
75,2026-02-21 01:12:35.704170,-30.887478504958494
76,2026-02-22 01:12:35.704170,-45.61472146503733
77,2026-02-23 01:12:35.704170,-54.83580879174819
78,2026-02-24 01:12:35.704170,-61.39109514200843
79,2026-02-25 01:12:35.704170,-67.11047152277233
80,2026-02-26 01:12:35.704170,-72.91484687568138
81,2026-02-27 01:12:35.704170,-78.14586473078937
82,2026-02-28 01:12:35.704170,-80.8669260357389
83,2026-03-01 01:12:35.704170,-82.74742328029166
84,2026-03-02 01:12:35.704170,-85.48808722815913
85,2026-03-03 01:12:35.704170,-88.52056827623974
86,2026-03-04 01:12:35.704170,-90.80961246610238
87,2026-03-05 01:12:35.704170,-92.3484093711043
88,2026-03-06 01:12:35.704170,-94.23742249551422
89,2026-03-07 01:12:35.704170,-97.24321253035627
90,2026-03-08 01:12:35.704170,-101.1215387410999
91,2026-03-09 01:12:35.704170,-105.31225458183675
92,2026-03-10 01:12:35.704170,-109.45985553645683
93,2026-03-11 01:12:35.704170,-112.29947116690592
94,2026-03-12 01:12:35.704170,-113.28858364552347
95,2026-03-13 01:12:35.704170,-114.30464395249241
96,2026-03-14 01:12:35.704170,-115.46951632298408
97,2026-03-15 01:12:35.704170,-116.84001427051467
98,2026-03-16 01:12:35.704170,-118.30082097925113
99,2026-03-17 01:12:35.704170,-119.20338676485764
100,2026-03-18 01:12:35.704170,-120.45601886995696
101,2026-03-19 01:12:35.704170,-121.61846242517979
102,2026-03-20 01:12:35.704170,-122.48584454033372
103,2026-03-21 01:12:35.704170,-122.07927479791302
104,2026-03-22 01:12:35.704170,-121.09321541385445
105,2026-03-23 01:12:35.704170,-121.27925883854293
106,2026-03-24 01:12:35.704170,-124.7804001467131
107,2026-03-25 01:12:35.704170,-134.0010366809388
108,2026-03-26 01:12:35.704170,-157.99757307685258
109,2026-03-27 01:12:35.704170,-197.35724304457344
110,2026-03-28 01:12:35.704170,-228.27820643802596
111,2026-03-29 01:12:35.704170,-243.25423186692387
112,2026-03-30 01:12:35.704170,-251.34790545885343
113,2026-03-31 01:12:35.704170,-255.9247733867703
114,2026-04-01 01:12:35.704170,-257.5950135883853
115,2026-04-02 01:12:35.704170,-257.82843974289347
116,2026-04-03 01:12:35.704170,-257.92389095352553
117,2026-04-04 01:12:35.704170,-256.98141346976826
118,2026-04-05 01:12:35.704170,-255.75738653842237
119,2026-04-06 01:12:35.704170,-254.2312141509326
120,2026-04-07 01:12:35.704170,-252.3243762818457
121,2026-04-08 01:12:35.704170,-250.52906225379093
122,2026-04-09 01:12:35.704170,-247.86265048767373
123,2026-04-10 01:12:35.704170,-245.36603927337987
124,2026-04-11 01:12:35.704170,-242.21917031519337
125,2026-04-12 01:12:35.704170,-237.83759781545996
126,2026-04-13 01:12:35.704170,-233.69152921378023
127,2026-04-14 01:12:35.704170,-228.65658594068523
128,2026-04-15 01:12:35.704170,-221.4363786256675
129,2026-04-16 01:12:35.704170,-210.34860606294347
130,2026-04-17 01:12:35.704170,-193.7349471578866
131,2026-04-18 01:12:35.704170,-175.05897444615638
132,2026-04-19 01:12:35.704170,-159.4426088787955
0,2026-04-20 01:12:35.704170,-73.45822394113956
1,2026-04-21 01:12:35.704170,-72.92657704256196
2,2026-04-22 01:12:35.704170,-73.05226891574421
3,2026-04-23 01:12:35.704170,-75.54506120051842
4,2026-04-24 01:12:35.704170,-79.78291081067968
5,2026-04-25 01:12:35.704170,-83.92753926697296
6,2026-04-26 01:12:35.704170,-87.82846930575585
7,2026-04-27 01:12:35.704170,-91.66768949577767
8,2026-04-28 01:12:35.704170,-94.66860140951447
9,2026-04-29 01:12:35.704170,-96.33069789120472
10,2026-04-30 01:12:35.704170,-96.92679308875275
11,2026-05-01 01:12:35.704170,-97.30070769675157
12,2026-05-02 01:12:35.704170,-98.34602990016269
13,2026-05-03 01:12:35.704170,-99.64146680079048
14,2026-05-04 01:12:35.704170,-100.87683082163018
15,2026-05-05 01:12:35.704170,-102.26335922314277
16,2026-05-06 01:12:35.704170,-105.5990351005559
17,2026-05-07 01:12:35.704170,-112.06388018394031
18,2026-05-08 01:12:35.704170,-119.91261584977993
19,2026-05-09 01:12:35.704170,-130.7392716465722
20,2026-05-10 01:12:35.704170,-149.73038382245545
21,2026-05-11 01:12:35.704170,-191.41162655132712
22,2026-05-12 01:12:35.704170,-243.4835759588745
23,2026-05-13 01:12:35.704170,-267.66603938444894
24,2026-05-14 01:12:35.704170,-277.8468732440076
25,2026-05-15 01:12:35.704170,-282.41157575123907
26,2026-05-16 01:12:35.704170,-283.508622123461
27,2026-05-17 01:12:35.704170,-282.5359971238583
28,2026-05-18 01:12:35.704170,-281.35833599254204
29,2026-05-19 01:12:35.704170,-279.7675623098445
30,2026-05-20 01:12:35.704170,-277.3305849649298
31,2026-05-21 01:12:35.704170,-275.2261457104183
32,2026-05-22 01:12:35.704170,-272.38311673562015
33,2026-05-23 01:12:35.704170,-268.1558147638126
34,2026-05-24 01:12:35.704170,-262.3028208957577
35,2026-05-25 01:12:35.704170,-254.37438772254077
36,2026-05-26 01:12:35.704170,-242.91807983805342
37,2026-05-27 01:12:35.704170,-224.23528120602145
38,2026-05-28 01:12:35.704170,-194.51488031204013
39,2026-05-29 01:12:35.704170,-161.10513019825217
40,2026-05-30 01:12:35.704170,-138.37671677647523
41,2026-05-31 01:12:35.704170,-126.17394588457896
42,2026-06-01 01:12:35.704170,-120.06205902278198
43,2026-06-02 01:12:35.704170,-117.41044571527527
44,2026-06-03 01:12:35.704170,-116.69544102239084
45,2026-06-04 01:12:35.704170,-117.12706663076278
46,2026-06-05 01:12:35.704170,-118.42240790874219
47,2026-06-06 01:12:35.704170,-120.52605153159274
48,2026-06-07 01:12:35.704170,-122.70823823178497
49,2026-06-08 01:12:35.704170,-124.51938719965673
50,2026-06-09 01:12:35.704170,-125.47726522319985
51,2026-06-10 01:12:35.704170,-126.25485767152477
52,2026-06-11 01:12:35.704170,-127.51403582992464
53,2026-06-12 01:12:35.704170,-129.29891042609722
54,2026-06-13 01:12:35.704170,-131.5720301667855
55,2026-06-14 01:12:35.704170,-133.27598341374738
56,2026-06-15 01:12:35.704170,-134.47548484333103
57,2026-06-16 01:12:35.704170,-134.77325513642478
58,2026-06-17 01:12:35.704170,-133.4886099346856
59,2026-06-18 01:12:35.704170,-132.41604210667532
60,2026-06-19 01:12:35.704170,-132.61497409832756
61,2026-06-20 01:12:35.704170,-133.48650350434556
62,2026-06-21 01:12:35.704170,-134.6142346721685
63,2026-06-22 01:12:35.704170,-134.63952413058942
64,2026-06-23 01:12:35.704170,-134.3701168810431
65,2026-06-24 01:12:35.704170,-133.16698862101018
66,2026-06-25 01:12:35.704170,-131.4820875037191
67,2026-06-26 01:12:35.704170,-129.65434800635336
68,2026-06-27 01:12:35.704170,-126.02223782084818
69,2026-06-28 01:12:35.704170,-120.11914574386495
70,2026-06-29 01:12:35.704170,-110.8650043996847
71,2026-06-30 01:12:35.704170,-93.89138216281634
72,2026-07-01 01:12:35.704170,-62.18171685919409
73,2026-07-02 01:12:35.704170,-21.512742657773593
74,2026-07-03 01:12:35.704170,5.644355176555815
75,2026-07-04 01:12:35.704170,21.114865469285682
76,2026-07-05 01:12:35.704170,31.133935408050736
77,2026-07-06 01:12:35.704170,38.70542823132814
78,2026-07-07 01:12:35.704170,45.3699194026426
79,2026-07-08 01:12:35.704170,53.38699839944601
80,2026-07-09 01:12:35.704170,61.82836516164131
81,2026-07-10 01:12:35.704170,67.6207198938753
82,2026-07-11 01:12:35.704170,70.46368043871573
83,2026-07-12 01:12:35.704170,74.50094643210602
84,2026-07-13 01:12:35.704170,75.40295504503098
85,2026-07-14 01:12:35.704170,73.43256627845324
86,2026-07-15 01:12:35.704170,67.93137294827206
87,2026-07-16 01:12:35.704170,53.96925836581126
88,2026-07-17 01:12:35.704170,31.074135394319978
89,2026-07-18 01:12:35.704170,4.338865603507598
90,2026-07-19 01:12:35.704170,-21.195687325558357
91,2026-07-20 01:12:35.704170,-43.4804908890456
92,2026-07-21 01:12:35.704170,-59.98796664873704
93,2026-07-22 01:12:35.704170,-71.10077185476916
94,2026-07-23 01:12:35.704170,-78.82759274203751
95,2026-07-24 01:12:35.704170,-83.39144728128349
96,2026-07-25 01:12:35.704170,-85.9289212975701
97,2026-07-26 01:12:35.704170,-88.91934003715923
98,2026-07-27 01:12:35.704170,-92.84510755773682
99,2026-07-28 01:12:35.704170,-97.19304888901601
100,2026-07-29 01:12:35.704170,-99.31318058852298
101,2026-07-30 01:12:35.704170,-100.39361679445713
102,2026-07-31 01:12:35.704170,-102.34348690437187
103,2026-08-01 01:12:35.704170,-104.76519194630241
104,2026-08-02 01:12:35.704170,-105.30214726790295
105,2026-08-03 01:12:35.704170,-104.68580465757937
106,2026-08-04 01:12:35.704170,-103.60971108591953
107,2026-08-05 01:12:35.704170,-102.74746527302143
108,2026-08-06 01:12:35.704170,-102.6904796387382
109,2026-08-07 01:12:35.704170,-102.53664875221334
110,2026-08-08 01:12:35.704170,-102.15310494352259
111,2026-08-09 01:12:35.704170,-101.58517881214952
112,2026-08-10 01:12:35.704170,-102.31823569501033
113,2026-08-11 01:12:35.704170,-102.20366610187253
114,2026-08-12 01:12:35.704170,-102.28064233381859
115,2026-08-13 01:12:35.704170,-103.173868518754
116,2026-08-14 01:12:35.704170,-105.31165625726547
117,2026-08-15 01:12:35.704170,-109.16847010419924
118,2026-08-16 01:12:35.704170,-115.33669783042185
119,2026-08-17 01:12:35.704170,-122.33614318618103
120,2026-08-18 01:12:35.704170,-129.8690577349884
121,2026-08-19 01:12:35.704170,-140.726718492499
122,2026-08-20 01:12:35.704170,-167.82147240914128
123,2026-08-21 01:12:35.704170,-218.93187905514637
124,2026-08-22 01:12:35.704170,-254.58674248732729
125,2026-08-23 01:12:35.704170,-269.44650629846706
126,2026-08-24 01:12:35.704170,-275.71862241325687
127,2026-08-25 01:12:35.704170,-278.14300907283297
128,2026-08-26 01:12:35.704170,-279.41250448810626
129,2026-08-27 01:12:35.704170,-280.91161336091557
130,2026-08-28 01:12:35.704170,-279.9869193845681
131,2026-08-29 01:12:35.704170,-277.35173848767613
132,2026-08-30 01:12:35.704170,-274.7943806167769
133,2026-08-31 01:12:35.704170,-270.65301366252373
134,2026-09-01 01:12:35.704170,-266.1435607569257
135,2026-09-02 01:12:35.704170,-262.34238122336444
136,2026-09-03 01:12:35.704170,-258.6329916308914
137,2026-09-04 01:12:35.704170,-255.07732355653917
138,2026-09-05 01:12:35.704170,-250.88044270168007
139,2026-09-06 01:12:35.704170,-246.58979846131024
140,2026-09-07 01:12:35.704170,-241.85850405437296
141,2026-09-08 01:12:35.704170,-235.44949115707564
142,2026-09-09 01:12:35.704170,-226.7013254454775
143,2026-09-10 01:12:35.704170,-212.69555502591766
144,2026-09-11 01:12:35.704170,-190.66561928829054
145,2026-09-12 01:12:35.704170,-163.50926116344823
146,2026-09-13 01:12:35.704170,-140.68133188546426
147,2026-09-14 01:12:35.704170,-123.14782237657785
148,2026-09-15 01:12:35.704170,-110.65145033905726
149,2026-09-16 01:12:35.704170,-103.23198386632598
150,2026-09-17 01:12:35.704170,-99.00218841523397
151,2026-09-18 01:12:35.704170,-96.3789299550477
152,2026-09-19 01:12:35.704170,-94.97931354504752
153,2026-09-20 01:12:35.704170,-95.26464606366264
154,2026-09-21 01:12:35.704170,-96.6884481735138
155,2026-09-22 01:12:35.704170,-97.93261357611799
156,2026-09-23 01:12:35.704170,-99.29852163652632
157,2026-09-24 01:12:35.704170,-100.30673542217673
158,2026-09-25 01:12:35.704170,-100.27134411397341
159,2026-09-26 01:12:35.704170,-100.97774823265495
160,2026-09-27 01:12:35.704170,-102.68610148748019
161,2026-09-28 01:12:35.704170,-104.74754410352493
162,2026-09-29 01:12:35.704170,-106.59627004013446
163,2026-09-30 01:12:35.704170,-108.81502693918074
164,2026-10-01 01:12:35.704170,-110.6375126550369
165,2026-10-02 01:12:35.704170,-110.36708224315291
166,2026-10-03 01:12:35.704170,-109.77792788383947
167,2026-10-04 01:12:35.704170,-109.20677076942503
0,2026-10-05 01:12:35.704170,-18.44660721859559
1,2026-10-06 01:12:35.704170,-18.63603226994214
2,2026-10-07 01:12:35.704170,-24.952027040744486
3,2026-10-08 01:12:35.704170,-30.33285348397512
4,2026-10-09 01:12:35.704170,-33.32287671013708
5,2026-10-10 01:12:35.704170,-36.96235940183239
6,2026-10-11 01:12:35.704170,-41.75190524786093
7,2026-10-12 01:12:35.704170,-48.43400772044081
8,2026-10-13 01:12:35.704170,-56.80312730291665
9,2026-10-14 01:12:35.704170,-67.37488317195971
10,2026-10-15 01:12:35.704170,-82.3014805936281
11,2026-10-16 01:12:35.704170,-105.7745245169389
12,2026-10-17 01:12:35.704170,-143.2978912961126
13,2026-10-18 01:12:35.704170,-183.33605381447174
14,2026-10-19 01:12:35.704170,-205.76012903324903
15,2026-10-20 01:12:35.704170,-215.94999536541837
16,2026-10-21 01:12:35.704170,-220.66227708702735
17,2026-10-22 01:12:35.704170,-223.06008227252363
18,2026-10-23 01:12:35.704170,-224.48343017479502
19,2026-10-24 01:12:35.704170,-225.81093413055714
20,2026-10-25 01:12:35.704170,-226.37194640294283
21,2026-10-26 01:12:35.704170,-226.23033711540933
22,2026-10-27 01:12:35.704170,-226.10816996134827
23,2026-10-28 01:12:35.704170,-226.35598595839983
24,2026-10-29 01:12:35.704170,-225.68289745343276
25,2026-10-30 01:12:35.704170,-221.75915868093557
26,2026-10-31 01:12:35.704170,-215.0661565924782
27,2026-11-01 01:12:35.704170,-204.66376482617042
28,2026-11-02 01:12:35.704170,-191.00231687852087
29,2026-11-03 01:12:35.704170,-176.47799474056964
30,2026-11-04 01:12:35.704170,-159.93950582393285
31,2026-11-05 01:12:35.704170,-136.6113191477399
32,2026-11-06 01:12:35.704170,-113.22874026009148
33,2026-11-07 01:12:35.704170,-97.40592402883996
34,2026-11-08 01:12:35.704170,-89.57193118990124
35,2026-11-09 01:12:35.704170,-86.53407605803321
36,2026-11-10 01:12:35.704170,-85.25958324947634
37,2026-11-11 01:12:35.704170,-83.52724783443736
38,2026-11-12 01:12:35.704170,-81.75815507336101
39,2026-11-13 01:12:35.704170,-81.72357382559326
40,2026-11-14 01:12:35.704170,-82.16102968344072
41,2026-11-15 01:12:35.704170,-82.6354505250763
42,2026-11-16 01:12:35.704170,-83.5449858357119
43,2026-11-17 01:12:35.704170,-85.12535090775593
44,2026-11-18 01:12:35.704170,-86.29474076536465
45,2026-11-19 01:12:35.704170,-87.01538992657918
46,2026-11-20 01:12:35.704170,-88.05046138208391
47,2026-11-21 01:12:35.704170,-89.27281662463042
48,2026-11-22 01:12:35.704170,-90.60087951723771
49,2026-11-23 01:12:35.704170,-91.3723999273905
50,2026-11-24 01:12:35.704170,-92.15888118390129
51,2026-11-25 01:12:35.704170,-92.79884122233697
52,2026-11-26 01:12:35.704170,-92.00198354243909
53,2026-11-27 01:12:35.704170,-90.214204658883
54,2026-11-28 01:12:35.704170,-87.62898406878078
55,2026-11-29 01:12:35.704170,-85.1657651370749
56,2026-11-30 01:12:35.704170,-83.04470043372729
57,2026-12-01 01:12:35.704170,-81.6504867033606
58,2026-12-02 01:12:35.704170,-80.95049203419617
59,2026-12-03 01:12:35.704170,-79.74615209860451
60,2026-12-04 01:12:35.704170,-76.97694479019556
61,2026-12-05 01:12:35.704170,-71.8503536973079
62,2026-12-06 01:12:35.704170,-64.73067515555114
63,2026-12-07 01:12:35.704170,-53.680823803099045
64,2026-12-08 01:12:35.704170,-29.204533553845692
65,2026-12-09 01:12:35.704170,21.55832813699872
66,2026-12-10 01:12:35.704170,66.81283752026074
67,2026-12-11 01:12:35.704170,87.10305389075583
68,2026-12-12 01:12:35.704170,98.38586912731141
69,2026-12-13 01:12:35.704170,106.00880100169051
70,2026-12-14 01:12:35.704170,111.52533672967222
71,2026-12-15 01:12:35.704170,116.35633192018847
72,2026-12-16 01:12:35.704170,121.68899255241108
73,2026-12-17 01:12:35.704170,125.84051779221878
74,2026-12-18 01:12:35.704170,127.62200188248733
75,2026-12-19 01:12:35.704170,128.21664771389345
76,2026-12-20 01:12:35.704170,128.310156760235
77,2026-12-21 01:12:35.704170,127.15421042246017
78,2026-12-22 01:12:35.704170,123.87314873765044
79,2026-12-23 01:12:35.704170,118.88438044617514
80,2026-12-24 01:12:35.704170,112.92749482381728
81,2026-12-25 01:12:35.704170,105.33327608286925
82,2026-12-26 01:12:35.704170,89.48257901942569
83,2026-12-27 01:12:35.704170,54.8825168125634
84,2026-12-28 01:12:35.704170,10.38899662690503
85,2026-12-29 01:12:35.704170,-15.159594389962047
86,2026-12-30 01:12:35.704170,-27.788313636992136
87,2026-12-31 01:12:35.704170,-35.07591579458823
88,2027-01-01 01:12:35.704170,-39.514451388980646
89,2027-01-02 01:12:35.704170,-41.460029408020944
90,2027-01-03 01:12:35.704170,-43.60399846773127
91,2027-01-04 01:12:35.704170,-46.43328275404183
92,2027-01-05 01:12:35.704170,-49.50963410716142
93,2027-01-06 01:12:35.704170,-53.377107147313914
94,2027-01-07 01:12:35.704170,-57.49290810719623
95,2027-01-08 01:12:35.704170,-61.767680353972764
96,2027-01-09 01:12:35.704170,-65.79986887011145
97,2027-01-10 01:12:35.704170,-68.62142274831938
98,2027-01-11 01:12:35.704170,-70.71342089863508
99,2027-01-12 01:12:35.704170,-72.63085717225708
100,2027-01-13 01:12:35.704170,-74.9215673821338
101,2027-01-14 01:12:35.704170,-76.85973054781113
102,2027-01-15 01:12:35.704170,-78.68278863351972
103,2027-01-16 01:12:35.704170,-80.51844158805787
104,2027-01-17 01:12:35.704170,-82.03547578007972
105,2027-01-18 01:12:35.704170,-83.75867240200924
106,2027-01-19 01:12:35.704170,-85.20188317740592
107,2027-01-20 01:12:35.704170,-87.30350506426217
108,2027-01-21 01:12:35.704170,-89.2899133166161
109,2027-01-22 01:12:35.704170,-90.60667698180521
110,2027-01-23 01:12:35.704170,-91.57981638002977
111,2027-01-24 01:12:35.704170,-92.93290554140383
112,2027-01-25 01:12:35.704170,-97.28436988425693
113,2027-01-26 01:12:35.704170,-104.65902758395723
114,2027-01-27 01:12:35.704170,-117.03494513735117
115,2027-01-28 01:12:35.704170,-141.4936046192999
116,2027-01-29 01:12:35.704170,-185.2932445211389
117,2027-01-30 01:12:35.704170,-223.00867997637744
118,2027-01-31 01:12:35.704170,-239.3795842253124
119,2027-02-01 01:12:35.704170,-247.580722135341
120,2027-02-02 01:12:35.704170,-252.73294948950462
121,2027-02-03 01:12:35.704170,-255.94138884645471
122,2027-02-04 01:12:35.704170,-256.7756848422502
123,2027-02-05 01:12:35.704170,-255.9696100781995
124,2027-02-06 01:12:35.704170,-255.454745295922
125,2027-02-07 01:12:35.704170,-254.2273323836725
126,2027-02-08 01:12:35.704170,-252.94553520006252
127,2027-02-09 01:12:35.704170,-251.2925030624198
128,2027-02-10 01:12:35.704170,-249.00789067467935
129,2027-02-11 01:12:35.704170,-247.04931019527083
130,2027-02-12 01:12:35.704170,-245.88669451928095
131,2027-02-13 01:12:35.704170,-245.23904368783982
132,2027-02-14 01:12:35.704170,-244.06729160930664
133,2027-02-15 01:12:35.704170,-240.78640853394373
134,2027-02-16 01:12:35.704170,-235.992924230085
135,2027-02-17 01:12:35.704170,-229.93751859310106
136,2027-02-18 01:12:35.704170,-222.58097113998502
137,2027-02-19 01:12:35.704170,-212.42060849295444
138,2027-02-20 01:12:35.704170,-196.01497085378793
139,2027-02-21 01:12:35.704170,-172.85752456344804
140,2027-02-22 01:12:35.704170,-148.32193256276386
141,2027-02-23 01:12:35.704170,-127.9424102682517
142,2027-02-24 01:12:35.704170,-114.28078610172156
143,2027-02-25 01:12:35.704170,229.5822567765305
144,2027-02-26 01:12:35.704170,243.11774100946883
145,2027-02-27 01:12:35.704170,250.05971578751368
146,2027-02-28 01:12:35.704170,252.942640281452
147,2027-03-01 01:12:35.704170,253.3343543624279
148,2027-03-02 01:12:35.704170,252.24994981658597
149,2027-03-03 01:12:35.704170,250.35561734085044
150,2027-03-04 01:12:35.704170,248.877635893773
